AREA_CONGEST_LVL,MALE_PPLTN_RATE,FEMALE_PPLTN_RATE,PPLTN_RATE_0,PPLTN_RATE_10,PPLTN_RATE_20,PPLTN_RATE_30,PPLTN_RATE_40,PPLTN_RATE_50,PPLTN_RATE_60,PPLTN_RATE_70,RESNT_PPLTN_RATE,PPLTN_TIME,TEMP,SENSIBLE_TEMP,HUMIDITY,PRECIPITATION,UV_INDEX_LVL,PM25,PM10,GU_CONFIRMED,GU_ADDED,CONFIRMED,ADDED,DIED,T_DIED,장소명
여유,54.7,45.3,0.1,5.9,20.8,21.1,22.4,16.4,9.9,3.3,15.5,2023-02-19 8:30,3.4,5.4,92,-,0,54,75,300428,106,5906396,1980,6322,3,강남 MICE 관광특구
여유,51.9,48.1,0.1,4.2,20,22.1,17.9,18,11.5,6.2,14.4,2023-02-19 8:30,3.3,3.6,93,-,0,55,65,70984,17,5906396,1980,6322,3,동대문 관광특구
여유,52.6,47.4,0.7,5,20.9,23.5,19.2,16.7,9.8,4.1,10.6,2023-02-19 8:30,3.3,3.6,93,-,0,0,0,70984,17,5906396,1980,6322,3,명동 관광특구
여유,50.9,49.1,0.6,2,23.6,24.1,17.2,14.5,10.5,7.5,28.6,2023-02-19 8:30,3,3.7,92,-,0,59,68,121588,23,5906396,1980,6322,3,이태원 관광특구
여유,50.3,49.7,0.6,10.1,18.5,21.5,17.4,14.7,10.8,6.3,18.1,2023-02-19 8:30,3.3,5.9,85,~1mm,0,52,69,386243,126,5906396,1980,6322,3,잠실 관광특구
여유,57.7,42.3,0.3,4.2,23,17.2,16.5,18.9,13.2,6.8,16.6,2023-02-19 8:30,3.3,3.6,93,-,0,55,65,78986,30,5906396,1980,6322,3,종로·청계 관광특구
여유,49.6,50.4,0.2,6.6,31.4,22.1,14.5,11.9,7.7,5.7,20,2023-02-19 8:30,3.7,4.4,91,~1mm,0,47,52,219515,69,5906396,1980,6322,3,홍대 관광특구
여유,47,53,0.5,6.5,12.9,18.5,18.7,18.8,12.5,11.7,33.3,2023-02-19 8:30,3.3,3.6,93,-,0,55,65,78986,30,5906396,1980,6322,3,경복궁·서촌마을
여유,53,47,0.6,4.2,14.7,20.4,23.1,19.6,10.8,6.7,14.2,2023-02-19 8:30,3.3,3.6,93,-,0,55,65,78986,30,5906396,1980,6322,3,광화문·덕수궁
여유,52.3,47.7,0.2,6.6,21.2,17.9,15.9,18.2,12.3,7.8,20.7,2023-02-19 8:30,3.3,3.6,93,-,0,55,65,78986,30,5906396,1980,6322,3,창덕궁·종묘
여유,56.7,43.3,0.2,3.9,19.3,21.4,18.5,19.5,12.6,4.7,20.4,2023-02-19 8:30,3.3,4.3,92,-,0,54,74,133944,43,5906396,1980,6322,3,가산디지털단지역
여유,54.6,45.4,0.2,5.7,28.2,23.2,18.3,11.7,7.8,4.9,15.3,2023-02-19 8:30,3.4,5.4,92,-,0,55,68,300428,106,5906396,1980,6322,3,강남역
여유,47.9,52.1,0.1,4.8,33.8,16.9,12.6,13.6,10.3,7.9,19.5,2023-02-19 8:30,3,3.7,92,-,0,66,78,203813,68,5906396,1980,6322,3,건대입구역
여유,47.6,52.4,0.3,6.8,18.1,14.6,20.7,19.3,12.8,7.4,13.2,2023-02-19 8:30,3.8,4.4,100,-,0,55,68,232255,72,5906396,1980,6322,3,고속터미널역
여유,52.2,47.8,0.1,8.2,16.9,20.5,18.6,18.5,9.9,7.4,19.6,2023-02-19 8:30,3.4,5.4,92,-,0,55,68,232255,72,5906396,1980,6322,3,교대역
여유,54.5,45.5,0.4,2.9,19.3,25.8,19.8,14.6,10.8,6.3,23.2,2023-02-19 8:30,3.3,4.3,92,-,0,54,74,236569,67,5906396,1980,6322,3,구로디지털단지역
여유,54.6,45.4,0.4,5.6,17.1,21.6,21.8,17.8,10.6,5.1,13.8,2023-02-19 8:30,3.3,3.6,93,-,0,0,0,70984,17,5906396,1980,6322,3,서울역
여유,52.7,47.3,0.4,8.8,19.8,22.8,20.9,14.1,8.6,4.8,21.7,2023-02-19 8:30,3.4,5.4,92,-,0,54,75,300428,106,5906396,1980,6322,3,선릉역
여유,47.3,52.7,0,8.2,16.2,20.2,19.9,14.9,13.9,6.7,18,2023-02-19 8:30,1.5,2.8,92,~1mm,0,57,70,236569,67,5906396,1980,6322,3,신도림역
여유,54.9,45.1,0.1,4.6,38.3,24.5,11.7,10.1,6.4,4.2,17.7,2023-02-19 8:30,1.5,2.8,92,~1mm,0,47,69,292521,110,5906396,1980,6322,3,신림역
여유,46.4,53.6,0,6.4,53.3,15.9,8.1,7.7,4.9,3.7,18.1,2023-02-19 8:30,3.7,4.4,91,~1mm,0,47,61,219515,69,5906396,1980,6322,3,신촌·이대역
여유,55.7,44.3,0.2,4.2,26.2,25.2,20.6,12.2,7.1,4.4,19.9,2023-02-19 8:30,3.4,5.4,92,-,0,54,75,300428,106,5906396,1980,6322,3,역삼역
여유,49.7,50.3,0.4,3.6,19.7,18.7,15.5,16,15,11.1,17.2,2023-02-19 8:30,3.2,4.9,92,-,0,55,61,267491,86,5906396,1980,6322,3,연신내역
여유,46.8,53.2,0.8,6.3,18.9,22,18.9,17,10.7,5.3,12.1,2023-02-19 8:30,3,3.7,92,-,0,59,68,121588,23,5906396,1980,6322,3,용산역
여유,48.2,51.8,0.3,5.9,34.8,17.5,11.8,12,10.1,7.6,19.6,2023-02-19 8:30,3,3.7,92,-,0,56,83,168426,63,5906396,1980,6322,3,왕십리역
여유,52.4,47.6,0.6,6.7,18.9,21.7,20.1,16.7,10.3,4.9,23.3,2023-02-19 8:30,4,4.8,93,-,0,47,52,219515,69,5906396,1980,6322,3,DMC(디지털미디어시티)
여유,47.8,52.2,0.5,5.9,15.6,15.8,16.2,19.4,15.3,11.4,26.1,2023-02-19 8:30,3.6,6,90,-,0,41,49,299133,105,5906396,1980,6322,3,창동 신경제 중심지
여유,55.8,44.2,0.1,3.9,33.7,19.8,11.9,13.6,10,6.9,21.6,2023-02-19 8:30,1.5,2.8,92,~1mm,0,59,68,232386,67,5906396,1980,6322,3,노량진
여유,53.2,46.8,0.6,4.7,15.7,16.7,18.5,20.4,12.3,11.1,35.5,2023-02-19 8:30,3.3,3.6,93,-,0,59,75,78986,30,5906396,1980,6322,3,낙산공원·이화마을
여유,47.5,52.5,0.2,6.6,10.1,15.2,19.7,20.9,15.5,11.7,41.8,2023-02-19 8:30,3.3,3.6,93,-,0,55,65,78986,30,5906396,1980,6322,3,북촌한옥마을
여유,50.4,49.6,0.2,5.8,17.2,19.5,18.4,17.2,11.4,10.3,20.8,2023-02-19 8:30,3,3.7,92,-,0,54,75,300428,106,5906396,1980,6322,3,가로수길
여유,59.1,40.9,0.1,4.7,23.2,19.2,16.1,15.9,13.3,7.5,21.7,2023-02-19 8:30,3,3.7,92,-,0,56,83,168426,63,5906396,1980,6322,3,성수카페거리
여유,50.6,49.4,0.3,5.7,21.5,15.6,15.2,16.2,14.7,10.9,30.7,2023-02-19 8:30,3.6,4.9,88,-,0,48,62,159254,49,5906396,1980,6322,3,수유리 먹자골목
여유,47.5,52.5,0.3,4.5,17.2,16.3,14.9,18.9,15.7,12.3,27.7,2023-02-19 8:30,3.6,4.9,88,-,0,41,49,172706,60,5906396,1980,6322,3,쌍문동 맛집거리
여유,45.7,54.3,0.1,4.9,19.9,21.9,19.1,16.3,11,6.8,20.2,2023-02-19 8:30,3,3.7,92,-,0,54,75,300428,106,5906396,1980,6322,3,압구정로데오거리
여유,51.9,48.1,0.5,5.7,11.7,17.7,19.2,18,14.2,13,21.4,2023-02-19 8:30,3.7,4.4,91,~1mm,0,57,70,238321,60,5906396,1980,6322,3,여의도
여유,52.6,47.4,0.1,4.5,28.9,24.3,13.6,13.4,10.5,4.6,12.8,2023-02-19 8:30,3.7,4.4,91,~1mm,0,57,70,238321,60,5906396,1980,6322,3,영등포 타임스퀘어
여유,58.1,41.9,0.4,3.9,26.3,21.1,16.6,14.5,10,7.3,14.3,2023-02-19 8:30,3.3,3.6,93,-,0,55,65,78986,30,5906396,1980,6322,3,인사동·익선동
여유,53.2,46.8,0.2,9.8,10.5,15.9,22.9,22.1,11.7,6.9,12.5,2023-02-19 8:30,3,3.7,92,-,0,59,68,121588,23,5906396,1980,6322,3,국립중앙박물관·용산가족공원
여유,53.1,46.9,0.5,5.1,17.8,21.2,18.2,17.6,13.3,6.4,19.8,2023-02-19 8:30,3.3,3.6,93,-,0,0,0,121588,23,5906396,1980,6322,3,남산공원
여유,53.5,46.5,0.7,6.4,11.2,19.9,18.2,20.2,15,8.5,19.7,2023-02-19 8:30,3,3.7,92,-,0,66,78,203813,68,5906396,1980,6322,3,뚝섬한강공원
여유,52.7,47.3,0.5,6.1,13.5,15.9,21.4,19.7,14,9,18.1,2023-02-19 8:30,3.7,4.4,91,~1mm,0,47,52,219515,69,5906396,1980,6322,3,망원한강공원
여유,55.4,44.6,0.4,3.8,11.4,19.3,24.5,22.3,12,6.4,4.3,2023-02-19 8:30,3.8,4.4,100,-,0,55,68,232255,72,5906396,1980,6322,3,반포한강공원
여유,48,52,0.5,5,11.4,15.7,17.7,21.6,15.9,12.1,34.1,2023-02-19 8:30,3.6,4.9,88,-,0,48,62,159254,49,5906396,1980,6322,3,북서울꿈의숲
여유,48.8,51.2,0.9,5.6,12.6,17.6,17.8,23.8,14.7,7.1,21.3,2023-02-19 8:30,3.4,5.4,92,-,0,55,68,159254,49,5906396,1980,6322,3,서울대공원
여유,53.1,46.9,0.5,7.2,12.9,16.3,18.1,22.6,16.3,6.1,13.4,2023-02-19 8:30,3,3.7,92,-,0,56,83,168426,63,5906396,1980,6322,3,서울숲공원
여유,54.8,45.2,0.7,7.3,9.9,14,20.9,21.4,15.1,10.6,8.1,2023-02-19 8:30,4,4.8,93,-,0,47,52,219515,69,5906396,1980,6322,3,월드컵공원
여유,50.9,49.1,0.4,7.9,9.3,15.6,20.7,22.4,13.8,9.8,14,2023-02-19 8:30,3.7,4.4,91,~1mm,0,59,68,121588,23,5906396,1980,6322,3,이촌한강공원
여유,56.5,43.5,0.7,9.7,6.4,15.1,30.2,22.7,10.4,4.9,6.5,2023-02-19 8:30,3.1,5.1,91,~1mm,0,52,69,386243,126,5906396,1980,6322,3,잠실종합운동장
여유,50.2,49.8,0.9,11,10.3,12.5,26,19.2,12.8,7.4,12.3,2023-02-19 8:30,3.3,5.9,85,~1mm,0,52,69,386243,126,5906396,1980,6322,3,잠실한강공원
여유,52.5,47.5,0.1,8.2,19.5,21.8,20.9,16.6,9.9,2.9,14.4,2023-02-19 8:35,3.6,5.8,93,-,0,37,51,300428,106,5906396,1980,6322,3,강남 MICE 관광특구
여유,50.7,49.3,0.3,3.8,20.7,21.7,18.4,17.1,11.2,6.7,14.5,2023-02-19 8:35,3.4,3.5,95,-,0,43,55,70984,17,5906396,1980,6322,3,동대문 관광특구
여유,54.3,45.7,0.7,5.5,20.4,23.6,19.7,16.9,9.2,4,11,2023-02-19 8:35,3.4,3.5,95,-,0,0,0,70984,17,5906396,1980,6322,3,명동 관광특구
여유,51.2,48.8,0.3,2.1,23.9,24.8,17.5,14.2,9.9,7.3,27,2023-02-19 8:35,3.1,3.8,93,-,0,35,41,121588,23,5906396,1980,6322,3,이태원 관광특구
여유,50.4,49.6,0.5,10.5,18.5,22,17,14.5,10.9,6.1,17.9,2023-02-19 8:35,3.3,5,85,~1mm,0,32,44,386243,126,5906396,1980,6322,3,잠실 관광특구
여유,55.6,44.4,0.2,3.9,22.5,17.6,17.3,18.9,12.7,6.8,14.7,2023-02-19 8:35,3.4,3.5,95,-,0,43,55,78986,30,5906396,1980,6322,3,종로·청계 관광특구
여유,48.4,51.6,0.2,6.9,31.8,21.5,14.8,11.5,7.4,5.8,20.2,2023-02-19 8:35,3.9,6.5,92,~1mm,0,35,38,219515,69,5906396,1980,6322,3,홍대 관광특구
여유,47.9,52.1,0.5,5,12.2,18.9,19.4,19.4,13.2,11.3,32.3,2023-02-19 8:35,3.4,3.5,95,-,0,43,55,78986,30,5906396,1980,6322,3,경복궁·서촌마을
여유,51.5,48.5,0.5,5,15.1,20,22.5,19.3,10.4,7.2,13.7,2023-02-19 8:35,3.4,3.5,95,-,0,43,55,78986,30,5906396,1980,6322,3,광화문·덕수궁
여유,51.8,48.2,0.3,5.9,21,18.4,16,17.3,12.8,8.4,20.5,2023-02-19 8:35,3.4,3.5,95,-,0,43,55,78986,30,5906396,1980,6322,3,창덕궁·종묘
여유,57.3,42.7,0.1,3.4,20.3,20.8,18.2,18.9,13,5.3,19.9,2023-02-19 8:35,3.4,4.5,91,-,0,41,58,133944,43,5906396,1980,6322,3,가산디지털단지역
여유,53.7,46.3,0.2,5.9,27,24,18.3,12.2,7.6,4.7,16.6,2023-02-19 8:40,3.6,5.8,93,-,0,43,51,300428,106,5906396,1980,6322,3,강남역
여유,48.2,51.8,0.1,4.3,32.2,18.1,13,13.7,10.5,8.1,20.7,2023-02-19 8:40,3.1,3.8,93,-,0,45,53,203813,68,5906396,1980,6322,3,건대입구역
여유,46.1,53.9,0.5,8.8,18.8,14.4,18.5,19.1,12.2,7.8,14.2,2023-02-19 8:40,4,4.4,100,-,0,43,51,232255,72,5906396,1980,6322,3,고속터미널역
여유,49.8,50.2,0.1,8.7,18.6,20.9,21.1,15.2,9.7,5.7,16.8,2023-02-19 8:40,3.6,5.8,93,-,0,43,51,232255,72,5906396,1980,6322,3,교대역
여유,56.1,43.9,0.5,2.4,18.9,26.1,19.2,16.2,10.5,6.2,22.3,2023-02-19 8:40,3.4,4.5,91,-,0,41,58,236569,67,5906396,1980,6322,3,구로디지털단지역
여유,53.7,46.3,0.5,5,18.4,21.4,21.2,18.5,10.8,4.2,13.2,2023-02-19 8:40,3.4,3.5,95,-,0,0,0,70984,17,5906396,1980,6322,3,서울역
여유,50.9,49.1,0.3,8.4,19,23.2,20.9,14.3,9.4,4.5,20.3,2023-02-19 8:40,3.6,5.8,93,-,0,37,51,300428,106,5906396,1980,6322,3,선릉역
여유,44.5,55.5,0,10.5,18.9,20.3,16.4,13.9,12.7,7.2,15.8,2023-02-19 8:40,1.6,2.7,92,-,0,37,49,236569,67,5906396,1980,6322,3,신도림역
여유,54.7,45.3,0.1,4.6,38.4,23.9,11.7,9.7,7,4.7,17.5,2023-02-19 8:40,1.6,2.7,92,-,0,34,54,292521,110,5906396,1980,6322,3,신림역
여유,45.4,54.6,0,6.2,53.8,16.1,7.8,7.3,5.4,3.3,17.4,2023-02-19 8:40,3.9,6.5,92,~1mm,0,33,47,219515,69,5906396,1980,6322,3,신촌·이대역
여유,55.1,44.9,0.3,4.5,27.3,24.7,19,12.8,7,4.4,19.8,2023-02-19 8:40,3.6,5.8,93,-,0,37,51,300428,106,5906396,1980,6322,3,역삼역
여유,47.1,52.9,0.3,4.1,20.5,19.7,15.5,15.8,14.2,9.9,16.1,2023-02-19 8:40,3.2,5.6,92,-,0,34,44,267491,86,5906396,1980,6322,3,연신내역
여유,47.3,52.7,0.6,5.8,20.4,21.7,19.8,16.3,10.2,5.2,12.4,2023-02-19 8:40,3.1,3.8,93,-,0,35,41,121588,23,5906396,1980,6322,3,용산역
여유,49.5,50.5,0.1,5.4,34.7,17.3,12.2,13.1,9.6,7.6,18.6,2023-02-19 8:40,3.1,3.8,93,-,0,37,56,168426,63,5906396,1980,6322,3,왕십리역
여유,49,51,0.4,6.7,19.6,21.2,20.8,16.1,10.4,4.9,22.7,2023-02-19 8:40,4.1,5.1,92,-,0,35,38,219515,69,5906396,1980,6322,3,DMC(디지털미디어시티)
여유,47,53,0.4,6.8,16.1,15.1,16.4,19,15.6,10.6,26.6,2023-02-19 8:40,3.8,5.1,92,~1mm,0,30,43,299133,105,5906396,1980,6322,3,창동 신경제 중심지
여유,54.7,45.3,0.2,4.1,34,19.9,13.4,12.8,8.9,6.7,21.9,2023-02-19 8:40,1.6,2.7,92,-,0,45,52,232386,67,5906396,1980,6322,3,노량진
여유,49.7,50.3,0.7,3.7,16.7,16.5,16.9,21.5,13.9,10.1,35,2023-02-19 8:40,3.4,3.5,95,-,0,38,52,78986,30,5906396,1980,6322,3,낙산공원·이화마을
여유,47.5,52.5,0.2,8.2,11.1,13.6,18.1,19.9,16,13,42.9,2023-02-19 8:40,3.4,3.5,95,-,0,43,55,78986,30,5906396,1980,6322,3,북촌한옥마을
여유,49.8,50.2,0.3,5.4,17.5,19.5,18.4,17.3,11.5,10.1,19.8,2023-02-19 8:40,3.1,3.8,93,-,0,37,51,300428,106,5906396,1980,6322,3,가로수길
여유,55.8,44.2,0.1,4.3,22.5,20.7,16.1,17.8,13.3,5.4,21,2023-02-19 8:40,3.1,3.8,93,-,0,37,56,168426,63,5906396,1980,6322,3,성수카페거리
여유,49.5,50.5,0.3,6.3,21.4,15.8,15,16.3,14.1,11,29.9,2023-02-19 8:40,3.7,4.7,87,-,0,28,40,159254,49,5906396,1980,6322,3,수유리 먹자골목
여유,46,54,0.2,4.9,18.2,15.4,13.2,18.6,16.8,12.7,27,2023-02-19 8:40,3.7,4.7,87,-,0,30,43,172706,60,5906396,1980,6322,3,쌍문동 맛집거리
여유,47.8,52.2,0.4,4.5,20.6,21.8,18.2,15.8,10.8,7.8,20.2,2023-02-19 8:40,3.1,3.8,93,-,0,37,51,300428,106,5906396,1980,6322,3,압구정로데오거리
여유,51.7,48.3,0.5,5.6,11.5,17.8,19.4,17.8,14.2,13.2,20.7,2023-02-19 8:40,3.9,6.5,92,~1mm,0,37,49,238321,60,5906396,1980,6322,3,여의도
여유,51.8,48.2,0.1,4.6,29.8,22.8,13.9,13.7,10.3,4.7,13.2,2023-02-19 8:40,3.9,6.5,92,~1mm,0,37,49,238321,60,5906396,1980,6322,3,영등포 타임스퀘어
여유,57.9,42.1,0.3,4.1,25.1,21,16.9,14.4,10.4,7.8,14.2,2023-02-19 8:40,3.4,3.5,95,-,0,43,55,78986,30,5906396,1980,6322,3,인사동·익선동
여유,52.1,47.9,0.5,7.1,11.4,15.6,28.6,20.1,12.3,4.4,11.6,2023-02-19 8:40,3.1,3.8,93,-,0,35,41,121588,23,5906396,1980,6322,3,국립중앙박물관·용산가족공원
여유,51.9,48.1,0.5,4.7,17,20.4,18.9,19.2,12.4,6.7,19.2,2023-02-19 8:40,3.4,3.5,95,-,0,0,0,121588,23,5906396,1980,6322,3,남산공원
여유,52.3,47.7,0.7,6.3,10.8,20.1,18.3,20.4,14.6,8.8,21.9,2023-02-19 8:40,3.1,3.8,93,-,0,45,53,203813,68,5906396,1980,6322,3,뚝섬한강공원
여유,51.7,48.3,0.8,5.3,12.7,20.3,21.7,18,12.7,8.6,18.4,2023-02-19 8:40,3.9,6.5,92,~1mm,0,35,38,219515,69,5906396,1980,6322,3,망원한강공원
여유,56.5,43.5,0.3,7.5,11.6,17.1,24.7,22.3,12.3,4.2,3.6,2023-02-19 8:40,4,4.4,100,-,0,43,51,232255,72,5906396,1980,6322,3,반포한강공원
여유,47.8,52.2,0.5,5.9,11.1,16.1,17.4,20.6,16,12.2,33.8,2023-02-19 8:40,3.7,4.7,87,-,0,28,40,159254,49,5906396,1980,6322,3,북서울꿈의숲
여유,51.4,48.6,0.9,6,15.5,18.3,16.7,22.5,14.2,5.9,22.2,2023-02-19 8:40,3.6,5.8,93,-,0,43,51,159254,49,5906396,1980,6322,3,서울대공원
여유,49.8,50.2,0.8,9.8,11.9,18.9,17.6,21,13.9,6.1,11.9,2023-02-19 8:40,3.1,3.8,93,-,0,37,56,168426,63,5906396,1980,6322,3,서울숲공원
여유,53.9,46.1,0.6,7.8,8.7,16.2,22.5,22,13.6,8.6,7.4,2023-02-19 8:40,4.1,5.1,92,-,0,35,38,219515,69,5906396,1980,6322,3,월드컵공원
여유,52.3,47.7,0.6,5.1,10,17.1,24.6,19.9,14.3,8.4,13.1,2023-02-19 8:40,3.9,6.5,92,~1mm,0,35,41,121588,23,5906396,1980,6322,3,이촌한강공원
여유,54.6,45.4,0.8,7.8,8.2,12.3,30.7,23.8,11,5.5,5.5,2023-02-19 8:40,3.4,5.6,91,-,0,32,44,386243,126,5906396,1980,6322,3,잠실종합운동장
여유,49.9,50.1,1,10.6,10,14.4,26.8,19.9,11.6,5.5,10.4,2023-02-19 8:40,3.3,5,85,~1mm,0,32,44,386243,126,5906396,1980,6322,3,잠실한강공원
여유,50.5,49.5,0.2,5.7,22.8,24,20.5,15.7,9.2,2,14.5,2023-02-19 8:45,4,5.5,92,-,0,37,51,300428,106,5906396,1980,6322,3,강남 MICE 관광특구
여유,50.4,49.6,0.2,5.1,19.5,21.8,18.6,16.2,12,6.6,14.3,2023-02-19 8:45,3.6,3.4,95,-,0,43,55,70984,17,5906396,1980,6322,3,동대문 관광특구
여유,51.9,48.1,0.5,5,20.3,23,19.9,16.6,10.1,4.4,11.5,2023-02-19 8:45,3.6,3.4,95,-,0,0,0,70984,17,5906396,1980,6322,3,명동 관광특구
여유,50.6,49.4,0.4,2.7,25.2,23.7,15.4,14.6,10,7.9,27.3,2023-02-19 8:45,3.2,4.6,93,-,0,35,41,121588,23,5906396,1980,6322,3,이태원 관광특구
여유,48.5,51.5,0.5,11.5,18.2,21.1,17.4,14.6,10.3,6.3,16.8,2023-02-19 8:45,3.5,6.1,86,~1mm,0,32,44,386243,126,5906396,1980,6322,3,잠실 관광특구
여유,57,43,0.3,4.4,21.2,16.6,16.8,19,13.7,8,15.8,2023-02-19 8:45,3.6,3.4,95,-,0,43,55,78986,30,5906396,1980,6322,3,종로·청계 관광특구
여유,48.3,51.7,0.1,7.3,31.4,21.4,14.3,12.3,7.3,5.8,20.3,2023-02-19 8:45,3.9,5.3,91,-,0,35,38,219515,69,5906396,1980,6322,3,홍대 관광특구
여유,48.6,51.4,0.4,6.7,12.1,19.7,19.3,18.5,12.4,10.8,31.1,2023-02-19 8:45,3.6,3.4,95,-,0,43,55,78986,30,5906396,1980,6322,3,경복궁·서촌마을
여유,52.6,47.4,0.4,4.4,15.3,20.6,21.8,18.1,11.7,7.7,14.1,2023-02-19 8:45,3.6,3.4,95,-,0,43,55,78986,30,5906396,1980,6322,3,광화문·덕수궁
여유,51.4,48.6,0.2,6.1,20.7,18.9,16.1,17.6,12.3,8.2,20.6,2023-02-19 8:45,3.6,3.4,95,-,0,43,55,78986,30,5906396,1980,6322,3,창덕궁·종묘
여유,57,43,0.2,2.6,19.5,21.5,18.6,19.1,12.9,5.7,18.4,2023-02-19 8:45,3.6,4.6,91,-,0,41,58,133944,43,5906396,1980,6322,3,가산디지털단지역
여유,53.7,46.3,0.1,7.5,27.2,23.5,17.9,12,7.5,4.3,15.5,2023-02-19 8:45,4,5.5,92,-,0,43,51,300428,106,5906396,1980,6322,3,강남역
여유,49,51,0.2,5.1,32.8,18.2,12.5,13.6,9.7,7.8,20.2,2023-02-19 8:45,3.2,4.6,93,-,0,45,53,203813,68,5906396,1980,6322,3,건대입구역
여유,47.1,52.9,0.5,8.2,18.1,16.2,19.9,18.1,11.9,6.9,13.1,2023-02-19 8:45,4.1,4.5,100,-,0,43,51,232255,72,5906396,1980,6322,3,고속터미널역
여유,49.5,50.5,0.1,7.7,18.9,20.5,20.1,16,9.6,7,18.1,2023-02-19 8:45,4,5.5,92,-,0,43,51,232255,72,5906396,1980,6322,3,교대역
여유,54.7,45.3,0.3,2.7,19.3,25.6,19.8,15.9,10.7,5.7,23.4,2023-02-19 8:45,3.6,4.6,91,-,0,41,58,236569,67,5906396,1980,6322,3,구로디지털단지역
여유,55.4,44.6,0.6,4.5,20,19.1,21.3,18.9,10.6,5,12.8,2023-02-19 8:45,3.6,3.4,95,-,0,0,0,70984,17,5906396,1980,6322,3,서울역
여유,50.6,49.4,0.3,9.5,19.2,22,21.9,14,8.7,4.5,20.7,2023-02-19 8:45,4,5.5,92,-,0,37,51,300428,106,5906396,1980,6322,3,선릉역
여유,47.6,52.4,0.4,7.6,18.5,18.6,20,15.8,11.9,7.3,19.7,2023-02-19 8:45,1.8,2.9,91,-,0,37,49,236569,67,5906396,1980,6322,3,신도림역
여유,54.1,45.9,0.2,4.6,39,23.8,11.8,9.8,6.9,3.9,16.4,2023-02-19 8:45,1.8,2.9,91,-,0,34,54,292521,110,5906396,1980,6322,3,신림역
여유,43.9,56.1,0,6.9,53.2,15.6,7.5,7.8,5.3,3.7,17.2,2023-02-19 8:45,3.9,5.3,91,-,0,33,47,219515,69,5906396,1980,6322,3,신촌·이대역
여유,55.4,44.6,0.4,5.2,25.4,23.6,20.5,13.5,7.2,4.3,19.5,2023-02-19 8:45,4,5.5,92,-,0,37,51,300428,106,5906396,1980,6322,3,역삼역
여유,47.1,52.9,0.5,3.5,21.2,19.5,14.7,16.7,14.4,9.6,16.5,2023-02-19 8:45,3.3,4.7,91,-,0,34,44,267491,86,5906396,1980,6322,3,연신내역
여유,48.4,51.6,0.8,6,20.7,21.7,21,15.6,9,5.2,13.5,2023-02-19 8:45,3.2,4.6,93,-,0,35,41,121588,23,5906396,1980,6322,3,용산역
여유,47.3,52.7,0.2,5.7,32.9,17.9,12.3,12.4,10.2,8.4,17.4,2023-02-19 8:45,3.2,4.6,93,-,0,37,56,168426,63,5906396,1980,6322,3,왕십리역
여유,50.2,49.8,0.4,6.9,20.5,21.2,20.5,15.7,10.5,4.3,23.4,2023-02-19 8:45,4.2,4.7,89,-,0,35,38,219515,69,5906396,1980,6322,3,DMC(디지털미디어시티)
여유,47.8,52.2,0.4,6.5,16.4,15.4,15.9,19.4,15.6,10.4,26.4,2023-02-19 8:45,3.9,4.7,88,-,0,30,43,299133,105,5906396,1980,6322,3,창동 신경제 중심지
여유,54.3,45.7,0.2,3.9,33.4,20.6,12.5,13.2,9.6,6.6,20.9,2023-02-19 8:45,1.8,2.9,91,-,0,45,52,232386,67,5906396,1980,6322,3,노량진
여유,50.7,49.3,0.9,3.3,17,16.2,18.1,21.1,13,10.4,37.1,2023-02-19 8:45,3.6,3.4,95,-,0,38,52,78986,30,5906396,1980,6322,3,낙산공원·이화마을
여유,46.8,53.2,0.2,7.7,10.8,16.7,18.4,18.2,15,13,40.8,2023-02-19 8:45,3.6,3.4,95,-,0,43,55,78986,30,5906396,1980,6322,3,북촌한옥마을
여유,48.8,51.2,0.3,6.2,17.4,19.2,17.9,16.9,11.6,10.5,20.2,2023-02-19 8:45,3.2,4.6,93,-,0,37,51,300428,106,5906396,1980,6322,3,가로수길
여유,56.7,43.3,0,7.9,21.9,21.6,16.7,15.9,11.5,4.5,21.4,2023-02-19 8:45,3.2,4.6,93,-,0,37,56,168426,63,5906396,1980,6322,3,성수카페거리
여유,49.6,50.4,0.2,5,21.5,16.1,15.7,16.4,14,11.2,29.9,2023-02-19 8:45,3.7,5.7,86,-,0,28,40,159254,49,5906396,1980,6322,3,수유리 먹자골목
여유,46.9,53.1,0.1,4.1,18,16.9,14.2,18.3,16.3,12.1,28.4,2023-02-19 8:45,3.7,5.7,86,-,0,30,43,172706,60,5906396,1980,6322,3,쌍문동 맛집거리
여유,46.1,53.9,0.4,4.5,20.9,21.9,17.9,16,10.2,8,19.5,2023-02-19 8:45,3.2,4.6,93,-,0,37,51,300428,106,5906396,1980,6322,3,압구정로데오거리
여유,51.7,48.3,0.5,5.3,11.9,17.8,19.2,17.8,14.6,12.7,20.1,2023-02-19 8:45,3.9,5.3,91,-,0,37,49,238321,60,5906396,1980,6322,3,여의도
여유,52.3,47.7,0.2,4.2,28.6,24,13.8,13.4,10.7,5.3,14.1,2023-02-19 8:45,3.9,5.3,91,-,0,37,49,238321,60,5906396,1980,6322,3,영등포 타임스퀘어
여유,57.5,42.5,0.2,4.5,25.4,20.4,16.5,14.2,11.3,7.5,14.5,2023-02-19 8:45,3.6,3.4,95,-,0,43,55,78986,30,5906396,1980,6322,3,인사동·익선동
여유,50.1,49.9,0.6,7.7,13.1,13.3,24.3,20,15,6,11.3,2023-02-19 8:45,3.2,4.6,93,-,0,35,41,121588,23,5906396,1980,6322,3,국립중앙박물관·용산가족공원
여유,51.4,48.6,0.3,4.1,18.9,20.7,18.3,18.8,12.3,6.7,19.9,2023-02-19 8:45,3.6,3.4,95,-,0,0,0,121588,23,5906396,1980,6322,3,남산공원
여유,48.2,51.8,0.9,6.7,12.5,17.7,19,19.6,14.7,9,18.3,2023-02-19 8:45,3.2,4.6,93,-,0,45,53,203813,68,5906396,1980,6322,3,뚝섬한강공원
여유,52.3,47.7,0.2,6,15,17.3,20.6,19.6,13.6,7.6,18.4,2023-02-19 8:45,3.9,5.3,91,-,0,35,38,219515,69,5906396,1980,6322,3,망원한강공원
여유,51.6,48.4,0.8,8.8,11.5,15.7,21,21.4,15.8,5,3.8,2023-02-19 8:45,4.1,4.5,100,-,0,43,51,232255,72,5906396,1980,6322,3,반포한강공원
여유,47.3,52.7,0.7,6.1,10.8,16.3,18,19.7,16.3,12.3,35.1,2023-02-19 8:45,3.7,5.7,86,-,0,28,40,159254,49,5906396,1980,6322,3,북서울꿈의숲
여유,53.1,46.9,1.1,7,14.1,18.5,17.7,21.3,14.7,5.7,21.8,2023-02-19 8:45,4,5.5,92,-,0,43,51,159254,49,5906396,1980,6322,3,서울대공원
여유,53.1,46.9,0.7,9.4,12.2,17.7,18.5,19.6,15.7,6.1,12.5,2023-02-19 8:45,3.2,4.6,93,-,0,37,56,168426,63,5906396,1980,6322,3,서울숲공원
여유,51.4,48.6,0.6,7.9,11.2,15.1,22.6,18.7,14.5,9.3,7.8,2023-02-19 8:45,4.2,4.7,89,-,0,35,38,219515,69,5906396,1980,6322,3,월드컵공원
여유,49.9,50.1,0.3,5.5,11.3,16.8,24.3,19.1,13.4,9.3,11.7,2023-02-19 8:45,3.9,5.3,91,-,0,35,41,121588,23,5906396,1980,6322,3,이촌한강공원
여유,57.4,42.6,0.3,7.6,7.6,15,31,22.9,10.1,5.5,5.6,2023-02-19 8:45,3.5,5.3,91,-,0,32,44,386243,126,5906396,1980,6322,3,잠실종합운동장
여유,54.2,45.8,0.6,10.3,11.5,13.4,26.5,19.3,12.6,5.7,11.2,2023-02-19 8:45,3.5,6.1,86,~1mm,0,32,44,386243,126,5906396,1980,6322,3,잠실한강공원
여유,50.9,49.1,0.3,8,20.4,23.9,20.2,16.2,8.1,3,14.6,2023-02-19 9:00,4.1,5.5,92,-,0,37,51,300428,106,5906396,1980,6322,3,강남 MICE 관광특구
여유,51.3,48.7,0.1,4.5,19.9,21,18.7,17,12.1,6.7,13.6,2023-02-19 9:00,3.7,3.6,95,-,0,43,55,70984,17,5906396,1980,6322,3,동대문 관광특구
여유,50.7,49.3,0.7,4.7,20.3,23.4,20.3,16.3,9.8,4.5,12.3,2023-02-19 9:00,3.7,3.6,95,-,0,0,0,70984,17,5906396,1980,6322,3,명동 관광특구
여유,50.3,49.7,1,3,23.2,23.5,17.3,13.8,10.6,7.7,27.2,2023-02-19 9:00,3.4,4.7,93,-,0,35,41,121588,23,5906396,1980,6322,3,이태원 관광특구
여유,48.5,51.5,0.6,13.6,18.8,20.8,16.6,13.8,10.2,5.6,16.9,2023-02-19 9:00,3.7,5.5,85,~1mm,0,32,44,386243,126,5906396,1980,6322,3,잠실 관광특구
여유,55.3,44.7,0.3,6.1,21,17.1,16.4,18.7,12.6,7.8,15.8,2023-02-19 9:00,3.7,3.6,95,-,0,43,55,78986,30,5906396,1980,6322,3,종로·청계 관광특구
여유,48.5,51.5,0.2,6.6,31.1,22,14.6,12.6,7.5,5.5,19.6,2023-02-19 9:00,4.1,5.8,91,-,0,35,38,219515,69,5906396,1980,6322,3,홍대 관광특구
여유,47.4,52.6,0.4,6.3,12.5,17.7,20.3,18.6,13,11.1,28.8,2023-02-19 9:00,3.7,3.6,95,-,0,43,55,78986,30,5906396,1980,6322,3,경복궁·서촌마을
여유,50.6,49.4,0.6,4.6,14.7,19.4,24.4,17.8,11,7.5,15.3,2023-02-19 9:00,3.7,3.6,95,-,0,43,55,78986,30,5906396,1980,6322,3,광화문·덕수궁
여유,52.3,47.7,0.2,6.3,22.1,17,16.4,18.4,11.9,7.6,20.4,2023-02-19 9:00,3.7,3.6,95,-,0,43,55,78986,30,5906396,1980,6322,3,창덕궁·종묘
여유,58.7,41.3,0.3,3.2,19.2,21.1,19,19,12.3,5.9,18.5,2023-02-19 9:00,3.7,4.5,89,-,0,41,58,133944,43,5906396,1980,6322,3,가산디지털단지역
여유,53.4,46.6,0.2,7.3,26.4,24.4,17.9,12.4,7.2,4.1,15.2,2023-02-19 9:00,4.1,5.5,92,-,0,43,51,300428,106,5906396,1980,6322,3,강남역
여유,49.1,50.9,0.2,4.5,32.9,17.4,12.7,13.8,10.2,8.2,21,2023-02-19 9:00,3.4,4.7,93,-,0,45,53,203813,68,5906396,1980,6322,3,건대입구역
여유,47.3,52.7,0.4,10,20.2,14.2,19.7,16.5,12.3,6.7,11.8,2023-02-19 9:00,4.2,4.4,100,-,0,43,51,232255,72,5906396,1980,6322,3,고속터미널역
여유,47.2,52.8,0,8.4,21.6,19.5,20.3,15.5,8.6,6.1,16.6,2023-02-19 9:00,4.1,5.5,92,-,0,43,51,232255,72,5906396,1980,6322,3,교대역
여유,54.5,45.5,0.4,2.6,19.8,25.6,20.3,15.3,10.4,5.6,24.2,2023-02-19 9:00,3.7,4.5,89,-,0,41,58,236569,67,5906396,1980,6322,3,구로디지털단지역
여유,54.2,45.8,0.8,5.1,20.4,21.5,20.3,16.6,10.9,4.4,14.5,2023-02-19 9:00,3.7,3.6,95,-,0,0,0,70984,17,5906396,1980,6322,3,서울역
여유,50.1,49.9,0.4,9.8,18.1,22.5,21.6,14.5,8.4,4.7,20.1,2023-02-19 9:00,4.1,5.5,92,-,0,37,51,300428,106,5906396,1980,6322,3,선릉역
여유,46.3,53.7,0,6.9,21.1,18.6,16.4,16,14.2,6.7,13.9,2023-02-19 9:00,1.9,3,89,-,0,37,49,236569,67,5906396,1980,6322,3,신도림역
여유,54.5,45.5,0.1,5,37.3,22.7,12.3,10.5,7.7,4.4,15.9,2023-02-19 9:00,1.9,3,89,-,0,34,54,292521,110,5906396,1980,6322,3,신림역
여유,45.8,54.2,0,6.5,52.6,16.5,7.8,7.7,5.6,3.3,16.5,2023-02-19 9:00,4.1,5.8,91,-,0,33,47,219515,69,5906396,1980,6322,3,신촌·이대역
여유,55,45,0.2,4.5,25.9,25,19.6,13.3,6.9,4.5,18.4,2023-02-19 9:00,4.1,5.5,92,-,0,37,51,300428,106,5906396,1980,6322,3,역삼역
여유,49.2,50.8,0.1,4,19.9,19,14.9,16.1,14.6,11.4,16.9,2023-02-19 9:00,3.4,5.1,91,-,0,34,44,267491,86,5906396,1980,6322,3,연신내역
여유,50,50,0.6,5.1,19.5,23.6,19.1,15.1,11.2,5.8,15.2,2023-02-19 9:00,3.4,4.7,93,-,0,35,41,121588,23,5906396,1980,6322,3,용산역
여유,49.4,50.6,0.1,7.2,31.6,16.8,12.7,13.5,10.3,7.9,17.1,2023-02-19 9:00,3.4,4.7,93,-,0,37,56,168426,63,5906396,1980,6322,3,왕십리역
여유,51.5,48.5,0.6,6.5,20.1,21.6,20.3,16,10.7,4.2,22.4,2023-02-19 9:00,4.2,4.7,87,-,0,35,38,219515,69,5906396,1980,6322,3,DMC(디지털미디어시티)
여유,48.4,51.6,0.5,6.9,16.9,15.4,16.2,18.4,15.4,10.4,25.5,2023-02-19 9:00,4.1,5,86,-,0,30,43,299133,105,5906396,1980,6322,3,창동 신경제 중심지
여유,54.3,45.7,0.3,5.4,33.3,18.7,13.3,13.4,8.8,6.8,19.8,2023-02-19 9:00,1.9,3,89,-,0,45,52,232386,67,5906396,1980,6322,3,노량진
여유,49.6,50.4,0.4,4.8,18,16.2,18,19.4,13.3,10,36.4,2023-02-19 9:00,3.7,3.6,95,-,0,38,52,78986,30,5906396,1980,6322,3,낙산공원·이화마을
여유,48.7,51.3,0.2,7.9,13.1,14.8,15.9,20.7,14.7,12.7,42.1,2023-02-19 9:00,3.7,3.6,95,-,0,43,55,78986,30,5906396,1980,6322,3,북촌한옥마을
여유,48.6,51.4,0.3,5.5,17.2,19.8,19.4,16,11.6,10.1,19.5,2023-02-19 9:00,3.4,4.7,93,-,0,37,51,300428,106,5906396,1980,6322,3,가로수길
여유,58,42,0,4.5,23.2,20.8,16.4,17.2,12.3,5.6,21,2023-02-19 9:00,3.4,4.7,93,-,0,37,56,168426,63,5906396,1980,6322,3,성수카페거리
여유,49.3,50.7,0.3,5.2,20.8,16.4,14.8,16.6,14.1,11.8,30.3,2023-02-19 9:00,3.8,5.1,85,-,0,28,40,159254,49,5906396,1980,6322,3,수유리 먹자골목
여유,47.7,52.3,0.2,6,17.6,16.1,15.7,18.1,14.5,11.7,24.5,2023-02-19 9:00,3.8,5.1,85,-,0,30,43,172706,60,5906396,1980,6322,3,쌍문동 맛집거리
여유,46.2,53.8,0.3,4.9,22.2,22,18.9,14.5,10.4,6.8,20.2,2023-02-19 9:00,3.4,4.7,93,-,0,37,51,300428,106,5906396,1980,6322,3,압구정로데오거리
여유,51.2,48.8,0.5,5.9,11.7,17.8,19.6,18.4,14.2,11.8,20.3,2023-02-19 9:00,4.1,5.8,91,-,0,37,49,238321,60,5906396,1980,6322,3,여의도
여유,51,49,0.3,5.6,30.8,22.7,13,13,9.9,4.8,13.7,2023-02-19 9:00,4.1,5.8,91,-,0,37,49,238321,60,5906396,1980,6322,3,영등포 타임스퀘어
여유,56.2,43.8,0.3,4.1,26,20.5,17.8,13.6,10.6,7.1,15.4,2023-02-19 9:00,3.7,3.6,95,-,0,43,55,78986,30,5906396,1980,6322,3,인사동·익선동
여유,47.8,52.2,0.2,10.2,12.7,18.9,25.5,17.9,9.5,5.1,9.3,2023-02-19 9:00,3.4,4.7,93,-,0,35,41,121588,23,5906396,1980,6322,3,국립중앙박물관·용산가족공원
여유,50.9,49.1,0.4,5.4,19,20.5,18.6,17.5,11.6,7,19.1,2023-02-19 9:00,3.7,3.6,95,-,0,0,0,121588,23,5906396,1980,6322,3,남산공원
여유,52.2,47.8,0.6,5.5,11.4,18.1,20.7,20.2,15.1,8.5,18.6,2023-02-19 9:00,3.4,4.7,93,-,0,45,53,203813,68,5906396,1980,6322,3,뚝섬한강공원
여유,52.7,47.3,0.3,5.2,13.7,19.9,20.7,17.4,13.3,9.6,17.5,2023-02-19 9:00,4.1,5.8,91,-,0,35,38,219515,69,5906396,1980,6322,3,망원한강공원
여유,53.2,46.8,0.8,6.2,11.1,15,25.8,23.1,12.3,5.9,3,2023-02-19 9:00,4.2,4.4,100,-,0,43,51,232255,72,5906396,1980,6322,3,반포한강공원
여유,47.3,52.7,0.5,5.7,11.9,16.7,17.6,20.2,16,11.5,32.9,2023-02-19 9:00,3.8,5.1,85,-,0,28,40,159254,49,5906396,1980,6322,3,북서울꿈의숲
여유,52,48,0.6,7,12.8,18,15.6,21.4,17.1,7.5,22.1,2023-02-19 9:00,4.1,5.5,92,-,0,43,51,159254,49,5906396,1980,6322,3,서울대공원
여유,51.8,48.2,0.5,7.4,13,17,18.7,21.8,14.7,6.9,12.7,2023-02-19 9:00,3.4,4.7,93,-,0,37,56,168426,63,5906396,1980,6322,3,서울숲공원
여유,54,46,0.5,6.9,11.9,13.7,21.4,21.4,13.9,10.3,7.5,2023-02-19 9:00,4.2,4.7,87,-,0,35,38,219515,69,5906396,1980,6322,3,월드컵공원
여유,50.3,49.7,0.3,6.9,9.4,17.5,20.9,21.6,14.4,9.1,13.8,2023-02-19 9:00,4.1,5.8,91,-,0,35,41,121588,23,5906396,1980,6322,3,이촌한강공원
여유,60.8,39.2,0.6,6.4,9.9,14.7,31.2,23.4,9.5,4.3,6,2023-02-19 9:00,3.6,5,92,-,0,32,44,386243,126,5906396,1980,6322,3,잠실종합운동장
여유,51.9,48.1,1.2,10.1,10.3,12.7,28.8,19,12.7,5.2,10.8,2023-02-19 9:00,3.7,5.5,85,~1mm,0,32,44,386243,126,5906396,1980,6322,3,잠실한강공원
여유,52.7,47.3,0.2,7.1,21.5,25.6,19.1,16.5,7.8,2.2,14.6,2023-02-19 9:05,4,4.8,91,-,0,37,51,300428,106,5906396,1980,6322,3,강남 MICE 관광특구
여유,49.8,50.2,0.2,4.5,19.6,22.5,18.7,17.7,10.3,6.5,14.6,2023-02-19 9:05,3.8,3.7,94,-,0,43,55,70984,17,5906396,1980,6322,3,동대문 관광특구
여유,51,49,0.6,5.2,20,23.6,20.7,16.4,9.3,4.3,12.9,2023-02-19 9:05,3.8,3.7,94,-,0,0,0,70984,17,5906396,1980,6322,3,명동 관광특구
여유,49.6,50.4,0.6,2.6,23.7,25.3,16.8,13.7,10.4,6.9,26.8,2023-02-19 9:05,4,5,91,-,0,35,41,121588,23,5906396,1980,6322,3,이태원 관광특구
여유,48.2,51.8,0.6,14.1,18.6,21,17,13.4,9.7,5.6,16.6,2023-02-19 9:05,3.9,4.6,84,~1mm,0,32,44,386243,126,5906396,1980,6322,3,잠실 관광특구
여유,56.9,43.1,0.4,5.6,22.3,17.2,15.7,18.5,13,7.3,16.3,2023-02-19 9:05,3.8,3.7,94,-,0,43,55,78986,30,5906396,1980,6322,3,종로·청계 관광특구
여유,47.9,52.1,0.1,7.2,32,22.3,14.7,11.1,7.2,5.4,19,2023-02-19 9:05,4.3,5.4,87,-,0,35,38,219515,69,5906396,1980,6322,3,홍대 관광특구
여유,47.2,52.8,0.6,6.9,12.6,18.3,20.3,17.5,12.1,11.7,29.6,2023-02-19 9:05,3.8,3.7,94,-,0,43,55,78986,30,5906396,1980,6322,3,경복궁·서촌마을
여유,50.6,49.4,0.4,4,16.5,20.3,22.3,17.5,10.9,8.2,15.3,2023-02-19 9:05,3.8,3.7,94,-,0,43,55,78986,30,5906396,1980,6322,3,광화문·덕수궁
여유,53.2,46.8,0.3,6.2,21.7,18.1,16.5,17.2,12.4,7.6,19.3,2023-02-19 9:05,3.8,3.7,94,-,0,43,55,78986,30,5906396,1980,6322,3,창덕궁·종묘
여유,57.7,42.3,0.3,3.1,20.8,21.5,18.6,17.7,12.6,5.5,18.3,2023-02-19 9:05,3.9,4.4,85,-,0,41,58,133944,43,5906396,1980,6322,3,가산디지털단지역
여유,52.6,47.4,0.1,6.8,28.3,24.5,17.2,11.4,7.4,4.3,14.9,2023-02-19 9:05,4,4.8,91,-,0,43,51,300428,106,5906396,1980,6322,3,강남역
여유,48.9,51.1,0.3,5.6,33.4,17.7,12.8,12.7,9.9,7.6,19.7,2023-02-19 9:05,4,5,91,-,0,45,53,203813,68,5906396,1980,6322,3,건대입구역
여유,47,53,0.5,8.4,19.7,14.9,19.8,17.6,12.6,6.5,12.1,2023-02-19 9:05,4.5,5.3,99,-,0,43,51,232255,72,5906396,1980,6322,3,고속터미널역
여유,46.9,53.1,0,8.9,19.3,19.7,22.1,15.3,8.9,5.8,15.4,2023-02-19 9:05,4,4.8,91,-,0,43,51,232255,72,5906396,1980,6322,3,교대역
여유,54.7,45.3,0.3,2.7,21.2,26.7,18.7,15.3,9.1,6,23,2023-02-19 9:05,3.9,4.4,85,-,0,41,58,236569,67,5906396,1980,6322,3,구로디지털단지역
여유,53,47,0.7,4.6,20.1,23.1,20.8,16.1,10.3,4.1,14.7,2023-02-19 9:05,3.8,3.7,94,-,0,0,0,70984,17,5906396,1980,6322,3,서울역
여유,50.5,49.5,0.2,8.4,19.5,23,22.1,14.5,8.1,4.2,20.7,2023-02-19 9:05,4,4.8,91,-,0,37,51,300428,106,5906396,1980,6322,3,선릉역
여유,47.3,52.7,0,5.5,20.9,19.1,17.2,16.9,14.1,6.4,15.4,2023-02-19 9:05,2.2,2.2,85,-,0,37,49,236569,67,5906396,1980,6322,3,신도림역
여유,53.7,46.3,0,4.4,37.8,24,12.7,10,7.5,3.6,16.2,2023-02-19 9:05,2.2,2.2,85,-,0,34,54,292521,110,5906396,1980,6322,3,신림역
여유,45,55,0.1,6.4,53.2,16.1,7.8,8,5.3,3.2,17.1,2023-02-19 9:05,4.3,5.4,87,-,0,33,47,219515,69,5906396,1980,6322,3,신촌·이대역
여유,54.4,45.6,0.1,4.6,27.6,26.3,19.2,12.1,6.3,3.9,18.7,2023-02-19 9:05,4,4.8,91,-,0,37,51,300428,106,5906396,1980,6322,3,역삼역
여유,48.5,51.5,0.2,4,21.9,17.4,14.8,16.6,14,11.2,15.7,2023-02-19 9:05,3.6,5.6,90,-,0,34,44,267491,86,5906396,1980,6322,3,연신내역
여유,48.9,51.1,0.6,5.2,20.7,23.1,19.3,16.2,9.4,5.5,14.2,2023-02-19 9:05,4,5,91,-,0,35,41,121588,23,5906396,1980,6322,3,용산역
여유,47.5,52.5,0.2,7.1,34.3,18,12.1,12.6,8.7,7,17.4,2023-02-19 9:05,4,5,91,-,0,37,56,168426,63,5906396,1980,6322,3,왕십리역
여유,49.5,50.5,0.4,6.2,21,21.2,19.9,16.2,10.5,4.5,23.7,2023-02-19 9:05,4.1,4.1,85,-,0,35,38,219515,69,5906396,1980,6322,3,DMC(디지털미디어시티)
여유,47.6,52.4,0.4,6.6,16.9,16.1,16.2,18.9,15.2,9.7,26,2023-02-19 9:05,4.3,4.5,84,-,0,30,43,299133,105,5906396,1980,6322,3,창동 신경제 중심지
여유,53,47,0.3,5,35.6,19.2,12.2,12.5,8.7,6.4,18.4,2023-02-19 9:05,2.2,2.2,85,-,0,45,52,232386,67,5906396,1980,6322,3,노량진
여유,50.4,49.6,0.7,4.2,20.3,16.6,16.5,19.6,11.6,10.4,33.9,2023-02-19 9:05,3.8,3.7,94,-,0,38,52,78986,30,5906396,1980,6322,3,낙산공원·이화마을
여유,48.6,51.4,0.5,7.1,12.9,16.3,17.2,18.8,14,13.1,41.1,2023-02-19 9:05,3.8,3.7,94,-,0,43,55,78986,30,5906396,1980,6322,3,북촌한옥마을
여유,48.7,51.3,0.3,6.3,17.1,21.3,19.1,15.7,11,9.2,19.6,2023-02-19 9:05,4,5,91,-,0,37,51,300428,106,5906396,1980,6322,3,가로수길
여유,53.7,46.3,0,4.9,26.1,22.5,13.2,16.3,11.1,5.9,22.6,2023-02-19 9:05,4,5,91,-,0,37,56,168426,63,5906396,1980,6322,3,성수카페거리
여유,50.3,49.7,0.4,5.2,22.8,16.1,15.1,15.5,13.7,11.2,28.9,2023-02-19 9:05,4,5.4,82,-,0,28,40,159254,49,5906396,1980,6322,3,수유리 먹자골목
여유,46.2,53.8,0.3,5.4,18.3,16.9,16.4,17.4,14.5,10.6,24.5,2023-02-19 9:05,4,5.4,82,-,0,30,43,172706,60,5906396,1980,6322,3,쌍문동 맛집거리
여유,43.9,56.1,0.3,5.2,23.2,22.2,18.9,14.3,9.3,6.6,21.7,2023-02-19 9:05,4,5,91,-,0,37,51,300428,106,5906396,1980,6322,3,압구정로데오거리
여유,51.4,48.6,0.5,5.4,12.9,19.1,20,17.3,13.1,11.8,20,2023-02-19 9:05,4.3,5.4,87,-,0,37,49,238321,60,5906396,1980,6322,3,여의도
여유,51,49,0.1,4.9,30.3,23.1,12.6,13.1,10.3,5.5,13.3,2023-02-19 9:05,4.3,5.4,87,-,0,37,49,238321,60,5906396,1980,6322,3,영등포 타임스퀘어
여유,56.1,43.9,0.3,4.7,27,20.2,17.1,14,10,6.7,14.2,2023-02-19 9:05,3.8,3.7,94,-,0,43,55,78986,30,5906396,1980,6322,3,인사동·익선동
여유,50.7,49.3,0.8,9.6,14.4,18,24.9,18.8,9.8,3.7,10,2023-02-19 9:05,4,5,91,-,0,35,41,121588,23,5906396,1980,6322,3,국립중앙박물관·용산가족공원
여유,49.5,50.5,0.6,5.3,18.9,21.2,19,16.4,12,6.6,18.6,2023-02-19 9:05,3.8,3.7,94,-,0,0,0,121588,23,5906396,1980,6322,3,남산공원
여유,48.8,51.2,0.4,5.4,13.7,19,18.5,19.4,14.6,8.9,16.9,2023-02-19 9:05,4,5,91,-,0,45,53,203813,68,5906396,1980,6322,3,뚝섬한강공원
여유,52.4,47.6,0.5,5.4,13.9,19.7,20,18.6,13.3,8.8,17.1,2023-02-19 9:05,4.3,5.4,87,-,0,35,38,219515,69,5906396,1980,6322,3,망원한강공원
여유,56.4,43.6,0.4,10.2,9.8,16.4,26.4,20.4,11.7,4.7,3.2,2023-02-19 9:05,4.5,5.3,99,-,0,43,51,232255,72,5906396,1980,6322,3,반포한강공원
여유,47.2,52.8,0.5,5.5,12,17.2,18,19.1,15.6,12,33.6,2023-02-19 9:05,4,5.4,82,-,0,28,40,159254,49,5906396,1980,6322,3,북서울꿈의숲
여유,53.2,46.8,0.5,9.3,14.6,15.1,15.6,22.2,15.5,7.3,20.5,2023-02-19 9:05,4,4.8,91,-,0,43,51,159254,49,5906396,1980,6322,3,서울대공원
여유,52.4,47.6,0.4,7.2,12.9,19.6,19.6,19.7,14.2,6.5,14.2,2023-02-19 9:05,4,5,91,-,0,37,56,168426,63,5906396,1980,6322,3,서울숲공원
여유,51.6,48.4,0.7,8.8,11.5,14.1,22.5,19.2,14.2,9,7.6,2023-02-19 9:05,4.1,4.1,85,-,0,35,38,219515,69,5906396,1980,6322,3,월드컵공원
여유,49,51,0.6,6.9,12.1,14.3,20.8,22.9,13.7,8.6,10.9,2023-02-19 9:05,4.3,5.4,87,-,0,35,41,121588,23,5906396,1980,6322,3,이촌한강공원
여유,59.4,40.6,0.9,7.6,10,15.8,28.4,22.6,10.2,4.5,6.4,2023-02-19 9:05,3.8,4.8,93,-,0,32,44,386243,126,5906396,1980,6322,3,잠실종합운동장
여유,50.2,49.8,0.7,10.1,12.7,15.1,24.6,17.3,13.9,5.6,12.6,2023-02-19 9:05,3.9,4.6,84,~1mm,0,32,44,386243,126,5906396,1980,6322,3,잠실한강공원
여유,50.7,49.3,0.1,7.1,22.4,27,19.1,14.8,7.5,2,16,2023-02-19 9:10,4,4.8,91,-,0,37,51,300428,106,5906396,1980,6322,3,강남 MICE 관광특구
여유,49.9,50.1,0.2,3.6,20,23,18.6,16.1,11.2,7.3,13.4,2023-02-19 9:10,3.8,3.7,94,-,0,43,55,70984,17,5906396,1980,6322,3,동대문 관광특구
여유,51.3,48.7,0.7,5.5,20,22.5,19.5,16.9,10.4,4.5,13.1,2023-02-19 9:10,3.8,3.7,94,-,0,0,0,70984,17,5906396,1980,6322,3,명동 관광특구
여유,51.2,48.8,0.5,2.8,23.8,24,17.5,13,10.9,7.6,28.3,2023-02-19 9:10,4,5,91,-,0,35,41,121588,23,5906396,1980,6322,3,이태원 관광특구
여유,48.6,51.4,0.7,15.1,18.3,19.9,17.2,13.8,9.3,5.6,16.6,2023-02-19 9:10,3.9,4.6,84,~1mm,0,32,44,386243,126,5906396,1980,6322,3,잠실 관광특구
여유,55,45,0.4,5.7,23,16.6,15.7,18.1,12.6,7.9,15.6,2023-02-19 9:10,3.8,3.7,94,-,0,43,55,78986,30,5906396,1980,6322,3,종로·청계 관광특구
여유,47.6,52.4,0.2,7.2,31.4,21.8,14.4,12.2,7.4,5.4,18.8,2023-02-19 9:10,4.3,5.4,87,-,0,35,38,219515,69,5906396,1980,6322,3,홍대 관광특구
여유,47.8,52.2,0.5,6.4,13.1,18.2,20,17.8,13,11,28.6,2023-02-19 9:15,3.8,3.7,94,-,0,43,55,78986,30,5906396,1980,6322,3,경복궁·서촌마을
여유,49.7,50.3,0.5,5.7,14.9,19.1,23.5,17.3,11.1,7.8,14.3,2023-02-19 9:15,3.8,3.5,93,-,0,43,55,78986,30,5906396,1980,6322,3,광화문·덕수궁
여유,51.2,48.8,0.4,6.7,21.6,17.6,16.3,18,11,8.4,20.1,2023-02-19 9:15,3.8,3.5,93,-,0,43,55,78986,30,5906396,1980,6322,3,창덕궁·종묘
여유,57.1,42.9,0.2,3.2,20.5,20.4,18.4,19.7,11.9,5.6,16.4,2023-02-19 9:15,3.8,4.1,82,-,0,41,58,133944,43,5906396,1980,6322,3,가산디지털단지역
여유,51,49,0.1,6.6,27,24.8,17.6,12.3,7.1,4.5,15,2023-02-19 9:15,4,4.7,89,-,0,43,51,300428,106,5906396,1980,6322,3,강남역
여유,48.2,51.8,0.2,4.6,31.6,17.7,13.9,14.1,9.9,7.9,20,2023-02-19 9:15,4.3,4.6,88,-,0,45,53,203813,68,5906396,1980,6322,3,건대입구역
여유,46.5,53.5,0.5,9.2,21,15.7,18.1,17.4,12,6.1,11.8,2023-02-19 9:15,4.6,5.2,97,-,0,43,51,232255,72,5906396,1980,6322,3,고속터미널역
여유,48.2,51.8,0.1,7.7,16.8,19.2,21.7,16.3,10.9,7.3,14.7,2023-02-19 9:15,4,4.7,89,-,0,43,51,232255,72,5906396,1980,6322,3,교대역
여유,55.7,44.3,0.4,2.4,19.1,27.6,19.8,14.9,9.8,6,23.5,2023-02-19 9:15,3.8,4.1,82,-,0,41,58,236569,67,5906396,1980,6322,3,구로디지털단지역
여유,53,47,1,6,19.2,23,20.1,15.8,10.9,4.1,12.7,2023-02-19 9:15,3.8,3.5,93,-,0,0,0,70984,17,5906396,1980,6322,3,서울역
여유,49.7,50.3,0.3,10,18.8,22.6,22,14,8,4.4,19.5,2023-02-19 9:15,4,4.7,89,-,0,37,51,300428,106,5906396,1980,6322,3,선릉역
여유,43.9,56.1,0,5.4,20.5,19.3,16.1,15.1,13.3,10.3,14.3,2023-02-19 9:15,2.2,1.9,82,-,0,37,49,236569,67,5906396,1980,6322,3,신도림역
여유,53.5,46.5,0.2,4.5,37.4,22.9,12.4,10.4,7.8,4.4,14.9,2023-02-19 9:15,2.2,1.9,82,-,0,34,54,292521,110,5906396,1980,6322,3,신림역
여유,44.9,55.1,0,7.4,50.5,16.4,8.5,7.9,5.6,3.6,16.2,2023-02-19 9:15,4.4,4.8,84,-,0,33,47,219515,69,5906396,1980,6322,3,신촌·이대역
여유,55.6,44.4,0.3,6,26.1,24.1,19.5,13,6.9,4,18.6,2023-02-19 9:15,4,4.7,89,-,0,37,51,300428,106,5906396,1980,6322,3,역삼역
여유,47.9,52.1,0.2,4.2,20,17.9,15.1,16.1,14.6,11.9,14.9,2023-02-19 9:15,3.6,5.6,90,-,0,34,44,267491,86,5906396,1980,6322,3,연신내역
여유,49.9,50.1,0.7,4.9,20.9,21.7,18.1,15.7,10.8,7.1,13.3,2023-02-19 9:15,4.3,4.6,88,-,0,35,41,121588,23,5906396,1980,6322,3,용산역
여유,49.4,50.6,0.3,6.1,31.4,16.7,13.2,13.4,10.6,8.3,17.3,2023-02-19 9:15,4.3,4.6,88,-,0,37,56,168426,63,5906396,1980,6322,3,왕십리역
여유,49.8,50.2,0.5,7,20.2,20.8,20.4,16.4,10,4.8,20.7,2023-02-19 9:15,3.7,3.3,82,-,0,35,38,219515,69,5906396,1980,6322,3,DMC(디지털미디어시티)
여유,47.4,52.6,0.4,7,16.4,15.6,16.5,19.2,15.2,9.6,25.9,2023-02-19 9:15,4.5,5.4,82,-,0,30,43,299133,105,5906396,1980,6322,3,창동 신경제 중심지
여유,53.5,46.5,0.1,4.3,34,19.5,12.4,13.9,8.8,7,18,2023-02-19 9:15,2.2,1.9,82,-,0,45,52,232386,67,5906396,1980,6322,3,노량진
여유,50.8,49.2,0.4,3.5,20.9,16.7,17,18.5,11.2,11.7,35.2,2023-02-19 9:15,3.8,3.5,93,-,0,38,52,78986,30,5906396,1980,6322,3,낙산공원·이화마을
여유,47.3,52.7,0,5,13.7,16.6,18.1,21,13.9,11.7,41.2,2023-02-19 9:15,3.8,3.5,93,-,0,43,55,78986,30,5906396,1980,6322,3,북촌한옥마을
여유,47,53,0.4,5.6,17.4,21.9,18.6,15.4,10.7,10,19.7,2023-02-19 9:15,4.3,4.6,88,-,0,37,51,300428,106,5906396,1980,6322,3,가로수길
여유,56,44,0,2.9,22.8,22,17.3,16.5,12,6.4,24.5,2023-02-19 9:15,4.3,4.6,88,-,0,37,56,168426,63,5906396,1980,6322,3,성수카페거리
여유,49.1,50.9,0.2,4.6,21.6,15.7,15.4,17.3,13.8,11.3,28.9,2023-02-19 9:15,4.1,5.8,81,-,0,28,40,159254,49,5906396,1980,6322,3,수유리 먹자골목
여유,46.5,53.5,0.1,5.1,18,16.2,15.8,18.5,15.5,10.8,24.7,2023-02-19 9:15,4.1,5.8,81,-,0,30,43,172706,60,5906396,1980,6322,3,쌍문동 맛집거리
여유,45.2,54.8,0.4,5,23.2,21.1,18.6,15.1,9.9,6.6,20.1,2023-02-19 9:15,4.3,4.6,88,-,0,37,51,300428,106,5906396,1980,6322,3,압구정로데오거리
여유,50.3,49.7,0.4,5.7,12.7,18.5,19.2,17.6,13.9,12,20.7,2023-02-19 9:15,4.4,4.8,84,-,0,37,49,238321,60,5906396,1980,6322,3,여의도
여유,50.4,49.6,0.1,4.1,29.1,23,14.3,14.2,9.7,5.4,15,2023-02-19 9:15,4.4,4.8,84,-,0,37,49,238321,60,5906396,1980,6322,3,영등포 타임스퀘어
여유,55.4,44.6,0.3,4.9,24.1,20.3,16.9,14.6,10.7,8.2,15.1,2023-02-19 9:15,3.8,3.5,93,-,0,43,55,78986,30,5906396,1980,6322,3,인사동·익선동
여유,47.6,52.4,0.3,13.4,15.2,16.1,25.9,17.4,8.6,3,8.4,2023-02-19 9:15,4.3,4.6,88,-,0,35,41,121588,23,5906396,1980,6322,3,국립중앙박물관·용산가족공원
여유,49.1,50.9,0.5,5.2,18.7,20.8,18.8,17.7,11.3,6.9,18,2023-02-19 9:15,3.8,3.5,93,-,0,0,0,121588,23,5906396,1980,6322,3,남산공원
여유,48.6,51.4,0.5,5.9,12.1,20.2,18.9,19.6,14.3,8.6,18.1,2023-02-19 9:15,4.3,4.6,88,-,0,45,53,203813,68,5906396,1980,6322,3,뚝섬한강공원
여유,51.3,48.7,0.4,5.5,13.5,16.6,23.2,19.2,12.6,8.9,16.3,2023-02-19 9:15,4.4,4.8,84,-,0,35,38,219515,69,5906396,1980,6322,3,망원한강공원
여유,56.2,43.8,0.9,5.3,10.3,19.6,23.7,22.4,13,4.7,2.9,2023-02-19 9:15,4.6,5.2,97,-,0,43,51,232255,72,5906396,1980,6322,3,반포한강공원
여유,48.3,51.7,0.4,5.3,12.5,16.4,17.6,19.8,15.8,12.1,33.6,2023-02-19 9:15,4.1,5.8,81,-,0,28,40,159254,49,5906396,1980,6322,3,북서울꿈의숲
여유,52.8,47.2,1.1,9.9,15.1,14.8,15.2,20.6,15.8,7.3,18.8,2023-02-19 9:15,4,4.7,89,-,0,43,51,159254,49,5906396,1980,6322,3,서울대공원
여유,51,49,0.7,6.7,14.3,17.6,19.3,21.4,14.7,5.5,11.8,2023-02-19 9:15,4.3,4.6,88,-,0,37,56,168426,63,5906396,1980,6322,3,서울숲공원
여유,51.8,48.2,0.7,6.4,9.2,14,23.5,21.5,14.1,10.5,6.9,2023-02-19 9:15,3.7,3.3,82,-,0,35,38,219515,69,5906396,1980,6322,3,월드컵공원
여유,49.1,50.9,0.4,8.2,11.6,17.9,20.3,20.2,12.8,8.5,11.9,2023-02-19 9:15,4.4,4.8,84,-,0,35,41,121588,23,5906396,1980,6322,3,이촌한강공원
여유,59.5,40.5,0.8,8.3,8.5,13,30.8,25.2,9,4.5,6.1,2023-02-19 9:15,4.2,5.5,93,-,0,32,44,386243,126,5906396,1980,6322,3,잠실종합운동장
여유,51.9,48.1,0.8,11.5,9.7,14.7,27.3,19.1,11.1,5.9,10.2,2023-02-19 9:15,4.1,4.8,84,~1mm,0,32,44,386243,126,5906396,1980,6322,3,잠실한강공원
여유,52.2,47.8,0.4,7,23,27.9,19.7,14.2,6,1.8,15.9,2023-02-19 9:30,4.1,5.2,87,-,0,37,51,300428,106,5906396,1980,6322,3,강남 MICE 관광특구
여유,49.7,50.3,0.3,5,19.2,21,18.8,17.2,11.1,7.5,13.4,2023-02-19 9:30,3.9,3.2,92,-,0,43,55,70984,17,5906396,1980,6322,3,동대문 관광특구
여유,49.1,50.9,0.6,5.5,20.3,23.5,20.1,15.6,9.7,4.8,13.9,2023-02-19 9:30,3.9,3.2,92,-,0,0,0,70984,17,5906396,1980,6322,3,명동 관광특구
여유,50.7,49.3,0.4,2.7,22.6,26.4,17.5,12.5,10.5,7.4,27.7,2023-02-19 9:30,4.3,4.7,85,-,0,35,41,121588,23,5906396,1980,6322,3,이태원 관광특구
여유,46.6,53.4,0.8,17.4,19.1,19.3,16.7,12.6,8.6,5.5,16.2,2023-02-19 9:30,4.4,4.9,83,-,0,32,44,386243,126,5906396,1980,6322,3,잠실 관광특구
여유,54.7,45.3,0.4,5.8,21.6,15.6,16.5,18.6,13.8,7.6,15.5,2023-02-19 9:30,3.9,3.2,92,-,0,43,55,78986,30,5906396,1980,6322,3,종로·청계 관광특구
여유,46.8,53.2,0.2,7.5,31.1,21.3,14.3,12,7.6,6.1,18.9,2023-02-19 9:30,4.3,4.7,82,-,0,35,38,219515,69,5906396,1980,6322,3,홍대 관광특구
여유,46.3,53.7,0.5,7.2,13.4,18.2,19.3,18.3,12.4,10.7,28.7,2023-02-19 9:30,3.9,3.2,92,-,0,43,55,78986,30,5906396,1980,6322,3,경복궁·서촌마을
여유,51.1,48.9,0.8,5.3,15.5,20.6,21.2,18.5,10.6,7.5,14.1,2023-02-19 9:30,3.9,3.2,92,-,0,43,55,78986,30,5906396,1980,6322,3,광화문·덕수궁
여유,48.9,51.1,0.3,5.8,21.8,17.3,16.9,17.8,11.9,8.2,19.2,2023-02-19 9:30,3.9,3.2,92,-,0,43,55,78986,30,5906396,1980,6322,3,창덕궁·종묘
여유,56.4,43.6,0.2,2.9,20.5,21,17.9,19.3,12.7,5.4,17.2,2023-02-19 9:30,3.5,4.2,80,-,0,41,58,133944,43,5906396,1980,6322,3,가산디지털단지역
여유,51.6,48.4,0.2,6.6,26.9,24.9,17.1,12.7,7.3,4.3,15.2,2023-02-19 9:30,4.1,5.2,87,-,0,43,51,300428,106,5906396,1980,6322,3,강남역
여유,46.3,53.7,0.1,5,32.4,18.6,12.4,12.9,10.2,8.4,19.4,2023-02-19 9:30,4.3,4.7,85,-,0,45,53,203813,68,5906396,1980,6322,3,건대입구역
여유,45.4,54.6,0.5,6.5,22.5,16.7,19.3,17.2,11.4,5.9,14.7,2023-02-19 9:30,4.7,5.2,95,-,0,43,51,232255,72,5906396,1980,6322,3,고속터미널역
여유,45.9,54.1,0.1,8.7,16.3,18.8,21.2,16.6,10.9,7.5,13.1,2023-02-19 9:30,4.1,5.2,87,-,0,43,51,232255,72,5906396,1980,6322,3,교대역
여유,55.4,44.6,0.3,2.8,20.1,26.4,19.2,14.3,11.1,5.7,22.2,2023-02-19 9:30,3.5,4.2,80,-,0,41,58,236569,67,5906396,1980,6322,3,구로디지털단지역
여유,52.8,47.2,0.7,5.5,19.3,20.7,18.4,18.8,11,5.6,13.2,2023-02-19 9:30,3.9,3.2,92,-,0,0,0,70984,17,5906396,1980,6322,3,서울역
여유,52.1,47.9,0.3,10.3,18.5,22.1,21.6,14.4,8.3,4.4,19.3,2023-02-19 9:30,4.1,5.2,87,-,0,37,51,300428,106,5906396,1980,6322,3,선릉역
여유,43,57,0,5.8,22.4,20,14.6,16.2,12,9.1,12.2,2023-02-19 9:30,2.3,1.7,81,-,0,37,49,236569,67,5906396,1980,6322,3,신도림역
여유,53.5,46.5,0.1,4.9,35.5,22.8,13.4,10.8,8.3,4.2,15.3,2023-02-19 9:30,2.3,1.7,81,-,0,34,54,292521,110,5906396,1980,6322,3,신림역
여유,45.7,54.3,0,6.9,49.1,16.8,8.7,9,5.9,3.6,16.9,2023-02-19 9:30,4.3,4.7,82,-,0,33,47,219515,69,5906396,1980,6322,3,신촌·이대역
여유,54.2,45.8,0.1,4.9,27.2,25,19.5,12.4,6.4,4.5,18.6,2023-02-19 9:30,4.1,5.2,87,-,0,37,51,300428,106,5906396,1980,6322,3,역삼역
여유,48.8,51.2,0.5,4.2,19.7,16.8,13.8,17.5,15.6,11.9,15,2023-02-19 9:30,3.8,4.5,84,-,0,34,44,267491,86,5906396,1980,6322,3,연신내역
여유,48.1,51.9,0.6,7.4,21.6,22.1,17.5,15.5,9.2,6.1,14.2,2023-02-19 9:30,4.3,4.7,85,-,0,35,41,121588,23,5906396,1980,6322,3,용산역
여유,47,53,0.1,6.2,32.9,16.9,13.1,11.5,11,8.1,15.2,2023-02-19 9:30,4.3,4.7,85,-,0,37,56,168426,63,5906396,1980,6322,3,왕십리역
여유,50.5,49.5,0.6,6.2,20,21.2,21,15.7,10.7,4.6,21.4,2023-02-19 9:30,4,3.9,82,-,0,35,38,219515,69,5906396,1980,6322,3,DMC(디지털미디어시티)
여유,47.8,52.2,0.4,6.9,16.7,15.8,16.3,19.4,15,9.4,25.3,2023-02-19 9:30,4.5,5,80,-,0,30,43,299133,105,5906396,1980,6322,3,창동 신경제 중심지
여유,51.8,48.2,0.2,3.7,35.1,20.2,12.4,11.9,9.1,7.4,17.7,2023-02-19 9:30,2.3,1.7,81,-,0,45,52,232386,67,5906396,1980,6322,3,노량진
여유,52.8,47.2,0.8,2.9,16.9,19.7,16.8,19.1,13.3,10.5,35.7,2023-02-19 9:30,3.9,3.2,92,-,0,38,52,78986,30,5906396,1980,6322,3,낙산공원·이화마을
여유,47,53,0,6.8,16.4,15.8,17,18.8,13.9,11.3,38.7,2023-02-19 9:30,3.9,3.2,92,-,0,43,55,78986,30,5906396,1980,6322,3,북촌한옥마을
여유,48.2,51.8,0.3,5.5,17.7,21.4,19.1,15.4,11,9.6,20,2023-02-19 9:30,4.3,4.7,85,-,0,37,51,300428,106,5906396,1980,6322,3,가로수길
여유,54.6,45.4,0,6.4,24.8,20.4,17.5,14.9,9.6,6.4,20.6,2023-02-19 9:30,4.3,4.7,85,-,0,37,56,168426,63,5906396,1980,6322,3,성수카페거리
여유,49.2,50.8,0.3,5,22.1,15.9,16,16,14,10.7,28.9,2023-02-19 9:30,4.1,4.5,78,-,0,28,40,159254,49,5906396,1980,6322,3,수유리 먹자골목
여유,45.6,54.4,0.3,4.3,17.3,17.7,14.1,19.8,15.1,11.4,24.6,2023-02-19 9:30,4.1,4.5,78,-,0,30,43,172706,60,5906396,1980,6322,3,쌍문동 맛집거리
여유,45.2,54.8,0.2,5.6,23.3,22.4,18.9,15.3,8.8,5.5,21.7,2023-02-19 9:30,4.3,4.7,85,-,0,37,51,300428,106,5906396,1980,6322,3,압구정로데오거리
여유,51.1,48.9,0.4,5.1,13.5,18.6,19.6,17.4,13.8,11.7,21.1,2023-02-19 9:30,4.3,4.7,82,-,0,37,49,238321,60,5906396,1980,6322,3,여의도
여유,50.3,49.7,0.2,5.1,27.3,20.8,13.6,15.3,12.2,5.4,14.4,2023-02-19 9:30,4.3,4.7,82,-,0,37,49,238321,60,5906396,1980,6322,3,영등포 타임스퀘어
여유,55.3,44.7,0.4,4.9,25.5,18.5,16.6,15.4,10.5,8.1,15.7,2023-02-19 9:30,3.9,3.2,92,-,0,43,55,78986,30,5906396,1980,6322,3,인사동·익선동
여유,45.1,54.9,0.6,12.7,14.2,18,24.4,16.2,9.3,4.6,7.5,2023-02-19 9:30,4.3,4.7,85,-,0,35,41,121588,23,5906396,1980,6322,3,국립중앙박물관·용산가족공원
여유,48.5,51.5,0.4,4.9,17.6,20.1,19.5,18.3,12.4,6.8,16.8,2023-02-19 9:30,3.9,3.2,92,-,0,0,0,121588,23,5906396,1980,6322,3,남산공원
여유,49.7,50.3,0.8,6.1,12.9,18.5,20.5,18.8,14.2,8.1,16.7,2023-02-19 9:30,4.3,4.7,85,-,0,45,53,203813,68,5906396,1980,6322,3,뚝섬한강공원
여유,51.8,48.2,0.2,5.9,13,19.4,22,18.4,11.9,9.2,17,2023-02-19 9:30,4.3,4.7,82,-,0,35,38,219515,69,5906396,1980,6322,3,망원한강공원
여유,56.4,43.6,1.1,5.4,10.4,19.4,25.9,21.1,12.4,4.2,2.5,2023-02-19 9:30,4.7,5.2,95,-,0,43,51,232255,72,5906396,1980,6322,3,반포한강공원
여유,48.1,51.9,0.5,5.8,11.8,17,17.5,19.5,15.7,12.2,32.3,2023-02-19 9:30,4.1,4.5,78,-,0,28,40,159254,49,5906396,1980,6322,3,북서울꿈의숲
여유,54.9,45.1,1,10.7,16.9,15.7,14.6,21.9,13.2,5.9,17.3,2023-02-19 9:30,4.1,5.2,87,-,0,43,51,159254,49,5906396,1980,6322,3,서울대공원
여유,49,51,1.4,7.9,15,17.6,19,19.7,13.4,6,10.2,2023-02-19 9:30,4.3,4.7,85,-,0,37,56,168426,63,5906396,1980,6322,3,서울숲공원
여유,51,49,0.7,7.2,11.1,15.1,21.8,21.2,13.8,9,7,2023-02-19 9:30,4,3.9,82,-,0,35,38,219515,69,5906396,1980,6322,3,월드컵공원
여유,48.2,51.8,0.3,5,12.2,17.5,22,20.4,13,9.6,11,2023-02-19 9:30,4.3,4.7,82,-,0,35,41,121588,23,5906396,1980,6322,3,이촌한강공원
여유,56.9,43.1,0.7,9.8,7.6,15.6,28.5,23.7,9.4,4.7,5.1,2023-02-19 9:30,4.4,5.3,92,-,0,32,44,386243,126,5906396,1980,6322,3,잠실종합운동장
여유,49.9,50.1,0.9,11.2,10.4,17,25.1,18.9,11.3,5.2,10.2,2023-02-19 9:30,4.4,4.9,83,-,0,32,44,386243,126,5906396,1980,6322,3,잠실한강공원
여유,51.2,48.8,0.4,7,22.2,27.2,19.9,14.6,6.5,2.1,15.8,2023-02-19 9:35,4.3,5.3,85,-,2,37,51,300428,106,5906396,1980,6322,3,강남 MICE 관광특구
여유,49.6,50.4,0.4,5.2,19.6,21.8,17.4,17.5,11,7,13.6,2023-02-19 9:35,3.9,3.7,90,-,2,43,55,70984,17,5906396,1980,6322,3,동대문 관광특구
여유,49.5,50.5,0.4,5.2,20.9,22.9,19.6,17.3,9,4.6,13.8,2023-02-19 9:35,3.9,3.7,90,-,2,0,0,70984,17,5906396,1980,6322,3,명동 관광특구
여유,48.1,51.9,0.5,4,23.1,24.8,16.8,14.2,9.8,6.9,25.7,2023-02-19 9:35,4.4,4.6,84,-,2,35,41,121588,23,5906396,1980,6322,3,이태원 관광특구
여유,46.4,53.6,0.8,17.7,18.5,19.1,17.3,12.7,8.6,5.3,15.6,2023-02-19 9:35,4.4,4.6,81,-,2,32,44,386243,126,5906396,1980,6322,3,잠실 관광특구
여유,55.4,44.6,0.3,5.5,21.6,15.5,15.7,20.5,13.9,7,15.1,2023-02-19 9:35,3.9,3.7,90,-,2,43,55,78986,30,5906396,1980,6322,3,종로·청계 관광특구
여유,46.9,53.1,0.2,7.5,31,21.1,14.4,12.1,7.8,6.1,18.7,2023-02-19 9:35,4.3,5,81,-,2,35,38,219515,69,5906396,1980,6322,3,홍대 관광특구
여유,46.6,53.4,0.5,7.6,13,18.3,19.6,18.2,12.6,10.2,26.5,2023-02-19 9:35,3.9,3.7,90,-,2,43,55,78986,30,5906396,1980,6322,3,경복궁·서촌마을
여유,49,51,0.7,5,16,20.1,22.6,18.4,10,7.2,13.6,2023-02-19 9:35,3.9,3.7,90,-,2,43,55,78986,30,5906396,1980,6322,3,광화문·덕수궁
여유,49.2,50.8,0.2,7.2,22.5,17.1,16.5,16.9,12.3,7.3,19,2023-02-19 9:35,3.9,3.7,90,-,2,43,55,78986,30,5906396,1980,6322,3,창덕궁·종묘
여유,58.1,41.9,0.3,2.8,19.9,20.5,19,18.9,13.1,5.4,15.9,2023-02-19 9:35,3.4,3.9,81,-,2,41,58,133944,43,5906396,1980,6322,3,가산디지털단지역
여유,50,50,0.2,7.1,27.7,24.5,16.8,12.1,7,4.6,14.7,2023-02-19 9:35,4.3,5.3,85,-,2,43,51,300428,106,5906396,1980,6322,3,강남역
여유,47,53,0.2,5.3,32.6,18.4,13.7,12.5,9.3,8.1,19.1,2023-02-19 9:35,4.4,4.6,84,-,2,45,53,203813,68,5906396,1980,6322,3,건대입구역
여유,45.4,54.6,0.1,7.4,21.5,17.5,18.8,17.4,11.2,6.1,13.8,2023-02-19 9:35,4.6,4.6,92,-,2,43,51,232255,72,5906396,1980,6322,3,고속터미널역
여유,47.7,52.3,0.5,8.4,16.7,18.2,21.4,16.6,10.8,7.4,12.5,2023-02-19 9:35,4.3,5.3,85,-,2,43,51,232255,72,5906396,1980,6322,3,교대역
여유,56,44,0.4,2.4,20,26.1,20,15.5,9.6,6.1,23,2023-02-19 9:35,3.4,3.9,81,-,2,41,58,236569,67,5906396,1980,6322,3,구로디지털단지역
여유,51.4,48.6,0.5,5.3,18.6,21.3,19.6,18.1,11.7,4.9,13.4,2023-02-19 9:35,3.9,3.7,90,-,2,0,0,70984,17,5906396,1980,6322,3,서울역
여유,50.7,49.3,0.4,9.3,19.3,23.4,21.6,13.9,8,4.1,20,2023-02-19 9:35,4.3,5.3,85,-,2,37,51,300428,106,5906396,1980,6322,3,선릉역
여유,43.3,56.7,0.1,4.7,22.2,19.4,15.2,16.3,12.5,9.6,12.7,2023-02-19 9:35,2.2,2.5,79,-,2,37,49,236569,67,5906396,1980,6322,3,신도림역
여유,54.5,45.5,0.2,4.6,35.8,22.9,13.7,10.6,7.9,4.4,15.3,2023-02-19 9:35,2.2,2.5,79,-,2,34,54,292521,110,5906396,1980,6322,3,신림역
여유,45,55,0.1,6,50.6,16.9,8.5,8.2,5.6,4.1,17.7,2023-02-19 9:35,4.3,5,81,-,2,33,47,219515,69,5906396,1980,6322,3,신촌·이대역
여유,53.8,46.2,0.2,5.7,26.8,23.5,18.8,13,7.3,4.8,18.9,2023-02-19 9:35,4.3,5.3,85,-,2,37,51,300428,106,5906396,1980,6322,3,역삼역
여유,48.3,51.7,0.3,3.8,19.1,17.4,14.3,17.2,15.8,12.1,14.9,2023-02-19 9:35,3.8,3.7,79,-,2,34,44,267491,86,5906396,1980,6322,3,연신내역
여유,47.6,52.4,0.7,7.2,21.1,23.7,17.7,14.2,9.4,6,14.7,2023-02-19 9:35,4.4,4.6,84,-,2,35,41,121588,23,5906396,1980,6322,3,용산역
여유,48.2,51.8,0.2,5.9,32.5,17.9,14.3,12.5,9.3,7.4,15.5,2023-02-19 9:40,4.4,4.6,84,-,2,37,56,168426,63,5906396,1980,6322,3,왕십리역
여유,51.6,48.4,0.3,5.7,18.5,20.9,22.4,17.2,10.4,4.5,20.5,2023-02-19 9:40,4.5,5,80,-,2,35,38,219515,69,5906396,1980,6322,3,DMC(디지털미디어시티)
여유,47.2,52.8,0.4,6.6,16.3,15.8,16.1,19.5,15.8,9.5,24,2023-02-19 9:40,4.6,4.9,78,-,2,30,43,299133,105,5906396,1980,6322,3,창동 신경제 중심지
여유,54.1,45.9,0.1,4.1,34.5,20.7,12.2,12.1,8.8,7.3,16.9,2023-02-19 9:40,2.2,2.5,79,-,2,45,52,232386,67,5906396,1980,6322,3,노량진
여유,50.5,49.5,1.2,4.1,15.5,18.2,17.2,20.4,12.5,10.9,37.6,2023-02-19 9:40,3.9,3.7,90,-,2,38,52,78986,30,5906396,1980,6322,3,낙산공원·이화마을
여유,45.1,54.9,0,7.5,16.4,16.5,15.6,19,13.9,11.1,39.2,2023-02-19 9:40,3.9,3.7,90,-,2,43,55,78986,30,5906396,1980,6322,3,북촌한옥마을
여유,47.6,52.4,0.3,5.6,19.1,20.1,18.7,15.7,10.9,9.7,20.1,2023-02-19 9:40,4.4,4.6,84,-,2,37,51,300428,106,5906396,1980,6322,3,가로수길
여유,53,47,0.3,5.3,24.8,23.3,14.5,14,12.1,5.7,20.1,2023-02-19 9:40,4.4,4.6,84,-,2,37,56,168426,63,5906396,1980,6322,3,성수카페거리
여유,50.6,49.4,0.3,5.3,20.7,15.7,15.6,16.6,14.1,11.8,28.5,2023-02-19 9:40,4.2,4.9,75,-,2,28,40,159254,49,5906396,1980,6322,3,수유리 먹자골목
여유,46.9,53.1,0.4,3.7,17.7,16.7,15.3,18.8,15.9,11.5,24.1,2023-02-19 9:40,4.2,4.9,75,-,2,30,43,172706,60,5906396,1980,6322,3,쌍문동 맛집거리
여유,45.5,54.5,0.3,5.5,24.7,22.6,18.3,14.3,8.6,5.7,21.9,2023-02-19 9:40,4.4,4.6,84,-,2,37,51,300428,106,5906396,1980,6322,3,압구정로데오거리
여유,51,49,0.4,5,13.3,19.2,19,17.5,13.3,12.3,20.3,2023-02-19 9:40,4.3,5,81,-,2,37,49,238321,60,5906396,1980,6322,3,여의도
여유,51.9,48.1,0.2,4.2,27,21.5,14,15,12.5,5.7,16,2023-02-19 9:40,4.3,5,81,-,2,37,49,238321,60,5906396,1980,6322,3,영등포 타임스퀘어
여유,54.8,45.2,0.4,4.3,25,18.3,17.4,15.5,11.1,7.8,15.5,2023-02-19 9:40,3.9,3.7,90,-,2,43,55,78986,30,5906396,1980,6322,3,인사동·익선동
여유,43,57,0.2,14.2,14.4,18.9,23.9,15.7,8.4,4.2,6.7,2023-02-19 9:40,4.4,4.6,84,-,2,35,41,121588,23,5906396,1980,6322,3,국립중앙박물관·용산가족공원
여유,49,51,0.7,5.3,18.7,18.6,18.5,18.8,12.7,6.7,17.2,2023-02-19 9:40,3.9,3.7,90,-,2,0,0,121588,23,5906396,1980,6322,3,남산공원
여유,50.3,49.7,0.8,6,13.4,19.3,18.2,20.1,13.8,8.4,16.8,2023-02-19 9:40,4.4,4.6,84,-,2,45,53,203813,68,5906396,1980,6322,3,뚝섬한강공원
보통,49,51,0.7,5.6,13.2,21.1,18.8,19.2,13.1,8.3,14,2023-02-19 9:40,4.3,5,81,-,2,35,38,219515,69,5906396,1980,6322,3,망원한강공원
여유,55.8,44.2,1.1,7.6,11.2,17.6,23.2,21.5,12.4,5.3,3.1,2023-02-19 9:40,4.6,4.6,92,-,2,43,51,232255,72,5906396,1980,6322,3,반포한강공원
여유,48.3,51.7,0.5,5.8,11.3,17.2,17.4,20,15.6,12.1,31.4,2023-02-19 9:40,4.2,4.9,75,-,2,28,40,159254,49,5906396,1980,6322,3,북서울꿈의숲
여유,54.2,45.8,1.8,11.7,15.2,16.4,15.1,17.6,14.7,7.6,16.8,2023-02-19 9:40,4.3,5.3,85,-,2,43,51,159254,49,5906396,1980,6322,3,서울대공원
여유,51.2,48.8,0.9,6.9,15.6,18.7,19.9,19.2,13.1,5.7,10.8,2023-02-19 9:40,4.4,4.6,84,-,2,37,56,168426,63,5906396,1980,6322,3,서울숲공원
보통,49,51,0.7,7.9,9.9,17.3,22.6,20.3,13.5,7.8,6.3,2023-02-19 9:40,4.5,5,80,-,2,35,38,219515,69,5906396,1980,6322,3,월드컵공원
여유,48.8,51.2,0.4,6.3,12.2,17.2,23.3,19.8,12.9,7.7,9.7,2023-02-19 9:40,4.3,5,81,-,2,35,41,121588,23,5906396,1980,6322,3,이촌한강공원
여유,58.8,41.2,0.7,6.6,7.3,16.2,28.8,22.8,12.3,5.4,5.9,2023-02-19 9:40,4.5,4.7,88,-,2,32,44,386243,126,5906396,1980,6322,3,잠실종합운동장
여유,50.3,49.7,1.3,9,11.5,14.6,26.5,18.6,12.5,6.1,8,2023-02-19 9:40,4.4,4.6,81,-,2,32,44,386243,126,5906396,1980,6322,3,잠실한강공원
여유,51.2,48.8,0.2,8.1,23.4,26.6,19.7,13.4,6.6,2,15.7,2023-02-19 9:45,4.2,4.7,81,-,2,37,51,300428,106,5906396,1980,6322,3,강남 MICE 관광특구
여유,48.9,51.1,0.4,5.6,19.4,20.7,19.1,16.3,11.4,7.1,12.7,2023-02-19 9:45,4.2,3.6,86,-,2,43,55,70984,17,5906396,1980,6322,3,동대문 관광특구
여유,48,52,0.7,5,21.7,22.5,18.8,16.8,9.6,5,14.6,2023-02-19 9:45,4.2,3.6,86,-,2,0,0,70984,17,5906396,1980,6322,3,명동 관광특구
여유,50.2,49.8,0.4,3.1,24.5,26.3,16.8,11.6,10.3,7.1,25.8,2023-02-19 9:45,4.3,4.7,83,-,2,35,41,121588,23,5906396,1980,6322,3,이태원 관광특구
여유,46.4,53.6,0.9,22.4,17.6,18.5,15.9,11.9,8.3,4.5,14.4,2023-02-19 9:45,4.4,4.5,79,-,2,32,44,386243,126,5906396,1980,6322,3,잠실 관광특구
여유,54.9,45.1,0.4,6,21,16.2,15.5,18.7,13.8,8.3,15.7,2023-02-19 9:45,4.2,3.6,86,-,2,43,55,78986,30,5906396,1980,6322,3,종로·청계 관광특구
여유,46.1,53.9,0.2,7.9,30.8,21.2,14.5,11.9,7.6,5.9,18.5,2023-02-19 9:45,4.3,5.4,81,-,2,35,38,219515,69,5906396,1980,6322,3,홍대 관광특구
여유,46.4,53.6,0.7,7.7,13.3,16.9,20.3,18.8,12.3,10,27.2,2023-02-19 9:45,4.2,3.6,86,-,2,43,55,78986,30,5906396,1980,6322,3,경복궁·서촌마을
여유,48.2,51.8,1,6.9,17,19.2,20.1,17.7,10,8.1,13.4,2023-02-19 9:45,4.2,3.6,86,-,2,43,55,78986,30,5906396,1980,6322,3,광화문·덕수궁
여유,50.8,49.2,0.2,5.6,21.2,16.6,18.3,18.1,11.9,8.1,19,2023-02-19 9:45,4.2,3.6,86,-,2,43,55,78986,30,5906396,1980,6322,3,창덕궁·종묘
여유,56.6,43.4,0.3,3.6,19.4,20.6,18.7,18.4,12.8,6.3,16.4,2023-02-19 9:45,3.6,4,79,-,2,41,58,133944,43,5906396,1980,6322,3,가산디지털단지역
여유,50,50,0.2,6.5,28.2,24.5,17.6,12.9,6.5,3.7,14.5,2023-02-19 9:45,4.2,4.7,81,-,2,43,51,300428,106,5906396,1980,6322,3,강남역
여유,47.7,52.3,0.2,4.7,31.8,18.5,13.7,13.1,10.1,8,18.5,2023-02-19 9:45,4.3,4.7,83,-,2,45,53,203813,68,5906396,1980,6322,3,건대입구역
여유,44.6,55.4,0.3,7.8,21.5,16,20.1,18.7,10.4,5.3,14.8,2023-02-19 9:45,4.7,4.9,90,-,2,43,51,232255,72,5906396,1980,6322,3,고속터미널역
여유,47.1,52.9,0.4,7.7,16.4,19.8,23.7,16.1,10,5.9,13.5,2023-02-19 9:45,4.2,4.7,81,-,2,43,51,232255,72,5906396,1980,6322,3,교대역
여유,55.7,44.3,0.3,3.5,19.7,25.5,19.2,15,10.1,6.7,22,2023-02-19 9:45,3.6,4,79,-,2,41,58,236569,67,5906396,1980,6322,3,구로디지털단지역
여유,53.4,46.6,0.4,5.9,20.8,20,21,18.1,10.2,3.6,12.1,2023-02-19 9:45,4.2,3.6,86,-,2,0,0,70984,17,5906396,1980,6322,3,서울역
여유,50.1,49.9,0.2,10.3,19.1,22,21.4,14.9,7.9,4.2,19,2023-02-19 9:45,4.2,4.7,81,-,2,37,51,300428,106,5906396,1980,6322,3,선릉역
여유,44.9,55.1,0.1,4.7,22.5,18.4,17,16,14,7.4,13.9,2023-02-19 9:45,2.5,2.9,78,-,2,37,49,236569,67,5906396,1980,6322,3,신도림역
여유,53.7,46.3,0.2,5.1,35.4,21.6,13.2,11,9.2,4.4,15.1,2023-02-19 9:45,2.5,2.9,78,-,2,34,54,292521,110,5906396,1980,6322,3,신림역
여유,44.8,55.2,0,7.3,48.5,17,8.2,8.3,6.7,4.1,17.1,2023-02-19 9:45,4.3,5.4,81,-,2,33,47,219515,69,5906396,1980,6322,3,신촌·이대역
여유,53.7,46.3,0.2,5,26,24,19.1,13.5,7.1,5.1,18.2,2023-02-19 9:45,4.2,4.7,81,-,2,37,51,300428,106,5906396,1980,6322,3,역삼역
여유,46,54,0.3,5.3,18.3,18.8,13.3,16.7,15.1,12.3,14.6,2023-02-19 9:45,3.9,3.8,79,-,2,34,44,267491,86,5906396,1980,6322,3,연신내역
여유,46.9,53.1,0.5,6.6,20.8,25.1,18.2,13.5,8.7,6.6,13.3,2023-02-19 9:45,4.3,4.7,83,-,2,35,41,121588,23,5906396,1980,6322,3,용산역
여유,48.1,51.9,0.2,6.1,31.4,17.5,13.4,13.1,10.3,8,16.7,2023-02-19 9:45,4.3,4.7,83,-,2,37,56,168426,63,5906396,1980,6322,3,왕십리역
여유,51.2,48.8,0.4,5.8,20.3,20.8,21.4,15.9,11,4.4,20.7,2023-02-19 9:45,4.9,5.2,78,-,2,35,38,219515,69,5906396,1980,6322,3,DMC(디지털미디어시티)
여유,46.9,53.1,0.5,6.4,16.2,15.2,16.1,19.6,15.6,10.4,23.6,2023-02-19 9:45,4.8,4.4,75,-,2,30,43,299133,105,5906396,1980,6322,3,창동 신경제 중심지
여유,54.1,45.9,0.2,4.5,34.4,20.4,12.1,12.5,8.8,7.2,17.3,2023-02-19 9:45,2.5,2.9,78,-,2,45,52,232386,67,5906396,1980,6322,3,노량진
여유,51.2,48.8,0.2,5.8,16,15.7,18.3,21.1,12.2,10.6,38.2,2023-02-19 9:45,4.2,3.6,86,-,2,38,52,78986,30,5906396,1980,6322,3,낙산공원·이화마을
여유,43,57,0,5.6,16.4,16.8,17.5,19,13.4,11.4,36.4,2023-02-19 9:45,4.2,3.6,86,-,2,43,55,78986,30,5906396,1980,6322,3,북촌한옥마을
여유,48.2,51.8,0.3,5.7,18.9,21.1,18.8,16.1,10.6,8.5,19.9,2023-02-19 9:45,4.3,4.7,83,-,2,37,51,300428,106,5906396,1980,6322,3,가로수길
여유,53.6,46.4,0.1,3.5,28.5,21.9,15.1,13.1,11.1,6.5,20.2,2023-02-19 9:45,4.3,4.7,83,-,2,37,56,168426,63,5906396,1980,6322,3,성수카페거리
여유,48.8,51.2,0.2,5.7,21.1,15.5,15.4,16.6,14.2,11.4,27.4,2023-02-19 9:45,4.2,4.5,74,-,2,28,40,159254,49,5906396,1980,6322,3,수유리 먹자골목
여유,46.4,53.6,0.1,4,17.9,17.9,14.7,18.9,14.8,11.6,24.6,2023-02-19 9:45,4.2,4.5,74,-,2,30,43,172706,60,5906396,1980,6322,3,쌍문동 맛집거리
여유,45.2,54.8,0.3,5,24.8,23.4,17.8,13.9,8.9,5.9,21.7,2023-02-19 9:45,4.3,4.7,83,-,2,37,51,300428,106,5906396,1980,6322,3,압구정로데오거리
여유,50.9,49.1,0.4,5.6,14,18.8,18.9,17.2,13.3,11.9,20.4,2023-02-19 9:45,4.3,5.4,81,-,2,37,49,238321,60,5906396,1980,6322,3,여의도
여유,52.2,47.8,0.1,4.8,26.8,21.6,13.7,14.6,12.7,5.7,17.1,2023-02-19 9:45,4.3,5.4,81,-,2,37,49,238321,60,5906396,1980,6322,3,영등포 타임스퀘어
여유,54,46,0.3,4.7,24.6,18.7,17.4,15.2,10.7,8.3,15.4,2023-02-19 9:45,4.2,3.6,86,-,2,43,55,78986,30,5906396,1980,6322,3,인사동·익선동
보통,42.9,57.1,0.4,12.9,14.6,17.5,25.3,16.6,8.8,4.1,5.9,2023-02-19 9:45,4.3,4.7,83,-,2,35,41,121588,23,5906396,1980,6322,3,국립중앙박물관·용산가족공원
여유,49.8,50.2,0.5,6.2,17.9,20,18.2,18.3,12.6,6.2,17.3,2023-02-19 9:45,4.2,3.6,86,-,2,0,0,121588,23,5906396,1980,6322,3,남산공원
여유,49.6,50.4,0.9,5.4,12.9,19.8,18.7,17.9,15,9.5,16.4,2023-02-19 9:45,4.3,4.7,83,-,2,45,53,203813,68,5906396,1980,6322,3,뚝섬한강공원
보통,52.3,47.7,0.7,6,13.6,19,21,17.6,13.2,8.9,13.7,2023-02-19 9:45,4.3,5.4,81,-,2,35,38,219515,69,5906396,1980,6322,3,망원한강공원
여유,56,44,0.2,6.6,11,19.5,26.2,17.7,12,6.7,1.9,2023-02-19 9:45,4.7,4.9,90,-,2,43,51,232255,72,5906396,1980,6322,3,반포한강공원
여유,47,53,0.7,5.6,11.1,17,17.3,20.9,15.4,11.9,32.4,2023-02-19 9:45,4.2,4.5,74,-,2,28,40,159254,49,5906396,1980,6322,3,북서울꿈의숲
여유,50.8,49.2,1.6,11.4,13.8,16.5,18.2,16.1,14.6,7.8,17.8,2023-02-19 9:45,4.2,4.7,81,-,2,43,51,159254,49,5906396,1980,6322,3,서울대공원
여유,51.3,48.7,0.5,7.3,15.2,18.9,17.7,20,13.6,6.6,10.3,2023-02-19 9:45,4.3,4.7,83,-,2,37,56,168426,63,5906396,1980,6322,3,서울숲공원
여유,51.3,48.7,0.9,6,10.7,17.9,21.3,20.5,13.3,9.5,6.3,2023-02-19 9:45,4.9,5.2,78,-,2,35,38,219515,69,5906396,1980,6322,3,월드컵공원
여유,50.9,49.1,0.6,6.5,9.9,18.3,24.1,19.9,13.2,7.5,10.2,2023-02-19 9:45,4.3,5.4,81,-,2,35,41,121588,23,5906396,1980,6322,3,이촌한강공원
여유,58.9,41.1,0.6,9.5,8.2,12.8,28.2,24.1,10,6.5,5.4,2023-02-19 9:45,4.7,4.6,84,-,2,32,44,386243,126,5906396,1980,6322,3,잠실종합운동장
여유,51,49,1.6,9.8,10,15.9,25,20,11.4,6.3,7.8,2023-02-19 9:45,4.4,4.5,79,-,2,32,44,386243,126,5906396,1980,6322,3,잠실한강공원
여유,50,50,0.3,7,23.9,26.4,20.2,13.3,6.8,2,16.3,2023-02-19 9:55,4.1,4.9,81,-,2,37,51,300428,106,5906396,1980,6322,3,강남 MICE 관광특구
여유,49.7,50.3,0.4,4.2,19.1,22.3,17.9,17.7,11,7.4,13.6,2023-02-19 9:55,4.1,2.7,82,-,2,43,55,70984,17,5906396,1980,6322,3,동대문 관광특구
여유,47.9,52.1,0.5,5.1,21.9,23.2,19.3,16.7,8.7,4.6,15.9,2023-02-19 9:55,4.1,2.7,82,-,2,0,0,70984,17,5906396,1980,6322,3,명동 관광특구
여유,49.7,50.3,0.5,3.5,24.1,26.1,15.7,12.6,9.9,7.5,23.7,2023-02-19 9:55,4.4,4.9,82,-,2,35,41,121588,23,5906396,1980,6322,3,이태원 관광특구
여유,44.7,55.3,0.9,24,17.5,17.8,15.9,11.8,7.8,4.4,13.9,2023-02-19 9:55,4.6,4.6,79,-,2,32,44,386243,126,5906396,1980,6322,3,잠실 관광특구
여유,55,45,0.2,6.4,21.9,15.5,14.9,19.5,13.5,8.2,15.4,2023-02-19 9:55,4.1,2.7,82,-,2,43,55,78986,30,5906396,1980,6322,3,종로·청계 관광특구
여유,46.2,53.8,0.4,8.4,30.3,20.7,14.7,12.3,7.4,5.8,18,2023-02-19 9:55,4.1,4.7,78,-,2,35,38,219515,69,5906396,1980,6322,3,홍대 관광특구
여유,47.2,52.8,0.5,7.5,13.4,17.5,19.3,19.4,13.4,9,23.8,2023-02-19 9:55,4.1,2.7,82,-,2,43,55,78986,30,5906396,1980,6322,3,경복궁·서촌마을
여유,48.5,51.5,0.9,7,16.1,18.1,22.7,16.9,10.3,8.1,13.3,2023-02-19 9:55,4.1,2.7,82,-,2,43,55,78986,30,5906396,1980,6322,3,광화문·덕수궁
여유,49.3,50.7,0.4,5.2,20.8,17.5,17.9,18.7,11.5,8.1,18.9,2023-02-19 9:55,4.1,2.7,82,-,2,43,55,78986,30,5906396,1980,6322,3,창덕궁·종묘
여유,54.5,45.5,0.3,3.5,19.8,19.8,18.7,19.9,12.3,5.7,17.3,2023-02-19 9:55,3.7,4.2,79,-,2,41,58,133944,43,5906396,1980,6322,3,가산디지털단지역
여유,50.2,49.8,0.1,7.6,27.9,24.9,16.4,12,7,4.1,13.8,2023-02-19 9:55,4.1,4.9,81,-,2,43,51,300428,106,5906396,1980,6322,3,강남역
여유,47,53,0.2,5.8,30.7,19,13.6,12.9,9.8,8,19,2023-02-19 9:55,4.4,4.9,82,-,2,45,53,203813,68,5906396,1980,6322,3,건대입구역
여유,45.3,54.7,0.3,9.6,22.9,16.6,18.3,17.1,10.2,5,14.3,2023-02-19 9:55,4.6,4.8,90,-,2,43,51,232255,72,5906396,1980,6322,3,고속터미널역
여유,46.5,53.5,0.4,9.3,16.6,20.3,23.2,14.7,9.4,6,13.6,2023-02-19 9:55,4.1,4.9,81,-,2,43,51,232255,72,5906396,1980,6322,3,교대역
여유,54.3,45.7,0.4,3.2,20.4,24.5,19.7,15,9.5,7.3,21.7,2023-02-19 9:55,3.7,4.2,79,-,2,41,58,236569,67,5906396,1980,6322,3,구로디지털단지역
여유,51.8,48.2,0.4,6.6,19.7,21.2,20.2,17.5,10.5,3.6,11.8,2023-02-19 9:55,4.1,2.7,82,-,2,0,0,70984,17,5906396,1980,6322,3,서울역
여유,49.4,50.6,0.3,10,19.5,22.9,19.7,14.6,8.2,4.8,19.2,2023-02-19 9:55,4.1,4.9,81,-,2,37,51,300428,106,5906396,1980,6322,3,선릉역
여유,46.7,53.3,0.2,5.2,19.2,19.9,16.2,15.9,14,9.3,16.4,2023-02-19 9:55,2.6,3.2,76,-,2,37,49,236569,67,5906396,1980,6322,3,신도림역
여유,52.3,47.7,0.2,4.1,36,22.4,13.1,11.3,8,4.9,15.6,2023-02-19 9:55,2.6,3.2,76,-,2,34,54,292521,110,5906396,1980,6322,3,신림역
여유,45.4,54.6,0.1,6.3,48.3,17.2,9.2,9.4,5.6,3.9,17.3,2023-02-19 9:55,4.1,4.7,78,-,2,33,47,219515,69,5906396,1980,6322,3,신촌·이대역
여유,53.8,46.2,0.1,4.8,26.5,24.1,19.3,12.9,6.8,5.5,18.7,2023-02-19 9:55,4.1,4.9,81,-,2,37,51,300428,106,5906396,1980,6322,3,역삼역
여유,46.9,53.1,0.2,5.5,18.3,16.1,14.9,17.8,15.2,11.9,15.7,2023-02-19 9:55,3.8,4.2,77,-,2,34,44,267491,86,5906396,1980,6322,3,연신내역
여유,47.2,52.8,0.7,7.5,22.5,23.2,17.8,14.6,8.4,5.3,13.8,2023-02-19 9:55,4.4,4.9,82,-,2,35,41,121588,23,5906396,1980,6322,3,용산역
여유,47.2,52.8,0.4,7.6,31.8,17.3,13.4,12.6,9.2,7.7,17.4,2023-02-19 9:55,4.4,4.9,82,-,2,37,56,168426,63,5906396,1980,6322,3,왕십리역
여유,49.7,50.3,0.7,6.6,19.2,21.7,19.8,15.8,10.7,5.4,21.5,2023-02-19 9:55,5.1,5.4,75,-,2,35,38,219515,69,5906396,1980,6322,3,DMC(디지털미디어시티)
여유,47.7,52.3,0.5,7,16.8,15.7,16.3,19.2,15,9.5,24.1,2023-02-19 9:55,4.8,4.7,74,-,2,30,43,299133,105,5906396,1980,6322,3,창동 신경제 중심지
여유,54.2,45.8,0.2,4.4,33.5,19.6,12.9,13.3,8.7,7.5,18.4,2023-02-19 9:55,2.6,3.2,76,-,2,45,52,232386,67,5906396,1980,6322,3,노량진
여유,52.2,47.8,0.6,4.5,17.3,16.4,17,20.8,13.3,10,36.4,2023-02-19 9:55,4.1,2.7,82,-,2,38,52,78986,30,5906396,1980,6322,3,낙산공원·이화마을
여유,46.8,53.2,0.2,6,14.7,16.5,16.8,19,14.3,12.4,36.7,2023-02-19 9:55,4.1,2.7,82,-,2,43,55,78986,30,5906396,1980,6322,3,북촌한옥마을
여유,47.4,52.6,0.2,6,19.7,21.5,19,14.6,10.4,8.6,19.8,2023-02-19 9:55,4.4,4.9,82,-,2,37,51,300428,106,5906396,1980,6322,3,가로수길
여유,52.8,47.2,0,5.5,27.8,19.9,16.6,13.7,11.3,5.2,19.4,2023-02-19 9:55,4.4,4.9,82,-,2,37,56,168426,63,5906396,1980,6322,3,성수카페거리
여유,50.1,49.9,0.2,5.5,20.7,15.9,15.9,16.5,14,11.3,28,2023-02-19 9:55,4.4,4.6,72,-,2,28,40,159254,49,5906396,1980,6322,3,수유리 먹자골목
여유,45.9,54.1,0.1,4.2,18,16.9,14.7,18.1,15.7,12.2,23,2023-02-19 9:55,4.4,4.6,72,-,2,30,43,172706,60,5906396,1980,6322,3,쌍문동 맛집거리
여유,46.1,53.9,0.2,5.2,25.1,22.8,19,13.9,8.7,5,22.2,2023-02-19 9:55,4.4,4.9,82,-,2,37,51,300428,106,5906396,1980,6322,3,압구정로데오거리
여유,49.1,50.9,0.4,5.4,13.3,18.2,18.9,17,14,12.7,19.7,2023-02-19 9:55,4.1,4.7,78,-,2,37,49,238321,60,5906396,1980,6322,3,여의도
여유,50.9,49.1,0.1,4.7,25.4,22.1,13.1,15.9,13.4,5.4,16.5,2023-02-19 10:00,4.1,4.7,78,-,2,37,49,238321,60,5906396,1980,6322,3,영등포 타임스퀘어
여유,53.1,46.9,0.4,5,25.1,19.4,17.5,13.8,10.8,7.9,15.4,2023-02-19 10:00,4.1,2.7,82,-,2,43,55,78986,30,5906396,1980,6322,3,인사동·익선동
보통,44.8,55.2,0.6,10.5,14.2,17.6,28.6,16.5,8.3,3.7,4.8,2023-02-19 10:00,4.4,4.9,82,-,2,35,41,121588,23,5906396,1980,6322,3,국립중앙박물관·용산가족공원
여유,48.9,51.1,0.9,6.1,18.5,19.1,18,18.7,11.8,6.8,16.9,2023-02-19 10:00,4.1,2.7,82,-,2,0,0,121588,23,5906396,1980,6322,3,남산공원
여유,50.2,49.8,1.1,6.4,13.9,18.3,17.4,18.8,14.2,9.8,17,2023-02-19 10:00,4.4,4.9,82,-,2,45,53,203813,68,5906396,1980,6322,3,뚝섬한강공원
보통,49.8,50.2,0.5,6.5,11.8,20.2,19.3,18.3,15.3,8.1,13.1,2023-02-19 10:00,4.1,4.7,78,-,2,35,38,219515,69,5906396,1980,6322,3,망원한강공원
여유,52.8,47.2,0.9,5.3,10.9,22.2,26.1,18.4,11.3,4.8,2.1,2023-02-19 10:00,4.6,4.8,90,-,2,43,51,232255,72,5906396,1980,6322,3,반포한강공원
여유,48.8,51.2,0.5,6.6,10.6,17.2,18.1,19.6,15.2,12.1,31.6,2023-02-19 10:00,4.4,4.6,72,-,2,28,40,159254,49,5906396,1980,6322,3,북서울꿈의숲
여유,51.6,48.4,1.9,14.4,13.7,16,18.5,14.9,13.1,7.6,14.5,2023-02-19 10:00,4.1,4.9,81,-,2,43,51,159254,49,5906396,1980,6322,3,서울대공원
여유,51.8,48.2,1.3,5.8,16,19.1,20,18.7,13,6.1,11.4,2023-02-19 10:00,4.4,4.9,82,-,2,37,56,168426,63,5906396,1980,6322,3,서울숲공원
보통,51.2,48.8,1.2,7.9,10.8,18,21.9,18.6,12.7,8.9,6.3,2023-02-19 10:00,5.1,5.4,75,-,2,35,38,219515,69,5906396,1980,6322,3,월드컵공원
여유,50.3,49.7,0.6,8.1,12.5,19.5,21.2,17.6,12.6,8,8.8,2023-02-19 10:00,4.1,4.7,78,-,2,35,41,121588,23,5906396,1980,6322,3,이촌한강공원
여유,56.7,43.3,0.9,6.3,10.3,18.8,28.2,21.7,10.2,3.8,5,2023-02-19 10:00,4.7,4.7,82,-,2,32,44,386243,126,5906396,1980,6322,3,잠실종합운동장
여유,50.9,49.1,0.6,8.2,11.4,14.9,26.1,19.2,13.1,6.5,8.4,2023-02-19 10:00,4.6,4.6,79,-,2,32,44,386243,126,5906396,1980,6322,3,잠실한강공원
여유,48.5,51.5,0.2,6.3,25.3,27.2,21.5,12,5.6,1.9,15,2023-02-19 10:05,4.4,5.2,81,-,2,37,51,300428,106,5906396,1980,6322,3,강남 MICE 관광특구
여유,48.1,51.9,0.4,4.7,19,21,18.9,17.7,10.8,7.5,14.1,2023-02-19 10:05,4.3,3.7,78,-,2,43,55,70984,17,5906396,1980,6322,3,동대문 관광특구
여유,48.3,51.7,0.6,5.3,22.3,22.9,19.6,16.7,8.6,4.1,16.5,2023-02-19 10:05,4.3,3.7,78,-,2,0,0,70984,17,5906396,1980,6322,3,명동 관광특구
여유,48.2,51.8,0.9,2.8,26.5,25.3,16.1,12.1,9.6,6.7,26,2023-02-19 10:05,4.4,4.3,79,-,2,35,41,121588,23,5906396,1980,6322,3,이태원 관광특구
여유,45.3,54.7,1.2,22.8,17.9,19,16.1,11.4,7.4,4.2,14.1,2023-02-19 10:05,4.7,4.3,76,-,2,32,44,386243,126,5906396,1980,6322,3,잠실 관광특구
여유,53.2,46.8,0.2,6,20.7,16.7,15.6,18.4,14,8.3,15.6,2023-02-19 10:05,4.3,3.7,78,-,2,43,55,78986,30,5906396,1980,6322,3,종로·청계 관광특구
여유,45.2,54.8,0.4,8.3,30.9,21.2,14.6,11.9,7.2,5.4,17.8,2023-02-19 10:05,4.4,4.9,76,-,2,35,38,219515,69,5906396,1980,6322,3,홍대 관광특구
여유,46,54,0.6,8.4,13.8,16.8,20,18.4,12.6,9.3,23.7,2023-02-19 10:05,4.3,3.7,78,-,2,43,55,78986,30,5906396,1980,6322,3,경복궁·서촌마을
여유,46.1,53.9,1.2,8,15.5,19.3,22.5,16.1,9.9,7.5,12.2,2023-02-19 10:05,4.3,3.7,78,-,2,43,55,78986,30,5906396,1980,6322,3,광화문·덕수궁
여유,49.6,50.4,0.2,5.2,21.4,17.5,17.6,18.3,11.4,8.4,18.3,2023-02-19 10:05,4.3,3.7,78,-,2,43,55,78986,30,5906396,1980,6322,3,창덕궁·종묘
여유,55.4,44.6,0.3,2.9,19.9,21.4,19,18.9,12.3,5.3,17.6,2023-02-19 10:05,4.1,5.3,76,-,2,41,58,133944,43,5906396,1980,6322,3,가산디지털단지역
여유,49.3,50.7,0.2,8.3,28.1,24.8,16.1,11.1,7.3,4.1,14.6,2023-02-19 10:05,4.4,5.2,81,-,2,43,51,300428,106,5906396,1980,6322,3,강남역
여유,46.5,53.5,0.3,5,31.9,19,13.8,12.6,10.1,7.2,19.1,2023-02-19 10:05,4.4,4.3,79,-,2,45,53,203813,68,5906396,1980,6322,3,건대입구역
여유,44.4,55.6,0.2,7.7,23.5,17.1,18.5,16.1,11,5.9,15.9,2023-02-19 10:05,5,5.2,86,-,2,43,51,232255,72,5906396,1980,6322,3,고속터미널역
여유,46.6,53.4,0.4,10,17.8,19.7,21.3,15.6,9.9,5.4,13.4,2023-02-19 10:05,4.4,5.2,81,-,2,43,51,232255,72,5906396,1980,6322,3,교대역
여유,53.4,46.6,0.2,2.6,21.2,25.4,18.4,15.4,10,6.8,21.7,2023-02-19 10:05,4.1,5.3,76,-,2,41,58,236569,67,5906396,1980,6322,3,구로디지털단지역
여유,50.4,49.6,0.6,6.3,19.9,21.2,18.5,17.6,11.5,4.4,13.5,2023-02-19 10:05,4.3,3.7,78,-,2,0,0,70984,17,5906396,1980,6322,3,서울역
여유,49.2,50.8,0.3,9,19.6,23.3,20.9,13.8,8.4,4.7,19.4,2023-02-19 10:05,4.4,5.2,81,-,2,37,51,300428,106,5906396,1980,6322,3,선릉역
여유,41.7,58.3,0.1,6,20.1,18.4,16.1,16.2,13.5,9.7,12.9,2023-02-19 10:05,2.6,2.2,73,-,2,37,49,236569,67,5906396,1980,6322,3,신도림역
여유,52.8,47.2,0.1,4.5,36.6,22.7,12.8,10.3,7.8,5.3,16.2,2023-02-19 10:05,2.6,2.2,73,-,2,34,54,292521,110,5906396,1980,6322,3,신림역
여유,43.7,56.3,0.2,7.1,49,16.5,9.3,8.5,5.8,3.7,17.8,2023-02-19 10:05,4.4,4.9,76,-,2,33,47,219515,69,5906396,1980,6322,3,신촌·이대역
여유,51.8,48.2,0.2,5.3,26.7,24.9,18.3,13.1,7.1,4.4,18.2,2023-02-19 10:05,4.4,5.2,81,-,2,37,51,300428,106,5906396,1980,6322,3,역삼역
여유,46.9,53.1,0,5.5,20.1,16.8,15.3,16.7,14,11.5,14.7,2023-02-19 10:05,3.9,4.6,76,-,2,34,44,267491,86,5906396,1980,6322,3,연신내역
여유,47.5,52.5,0.8,6.2,21.8,25.3,17.3,14.3,8.9,5.5,15.4,2023-02-19 10:05,4.4,4.3,79,-,2,35,41,121588,23,5906396,1980,6322,3,용산역
여유,46.4,53.6,0.2,5,32.7,17.9,14.1,12.7,9.7,7.7,15.9,2023-02-19 10:05,4.4,4.3,79,-,2,37,56,168426,63,5906396,1980,6322,3,왕십리역
여유,48.1,51.9,0.6,6,20.6,21.5,20.8,15.1,10.2,5.2,21,2023-02-19 10:05,4.7,4.5,74,-,2,35,38,219515,69,5906396,1980,6322,3,DMC(디지털미디어시티)
여유,47.2,52.8,0.5,6.9,16.9,15.9,16.1,19.3,14.5,9.8,24.3,2023-02-19 10:05,4.9,4.4,70,-,2,30,43,299133,105,5906396,1980,6322,3,창동 신경제 중심지
여유,54.4,45.6,0.2,3.8,33.1,20.7,13.4,13,8.7,7.2,18.3,2023-02-19 10:05,2.6,2.2,73,-,2,45,52,232386,67,5906396,1980,6322,3,노량진
여유,48.8,51.2,0.9,3.9,20.2,18.3,15.3,17.9,13.9,9.7,35,2023-02-19 10:05,4.3,3.7,78,-,2,38,52,78986,30,5906396,1980,6322,3,낙산공원·이화마을
여유,44.7,55.3,0.2,6,14.8,18.9,16.7,20.1,13.2,10.1,35.4,2023-02-19 10:05,4.3,3.7,78,-,2,43,55,78986,30,5906396,1980,6322,3,북촌한옥마을
여유,47.1,52.9,0.5,5.9,20,22,19.1,14.1,10.2,8.4,20.2,2023-02-19 10:05,4.4,4.3,79,-,2,37,51,300428,106,5906396,1980,6322,3,가로수길
여유,55.5,44.5,0.2,6.1,24.9,20.9,16.3,13,12.4,6.1,19,2023-02-19 10:05,4.4,4.3,79,-,2,37,56,168426,63,5906396,1980,6322,3,성수카페거리
여유,49.4,50.6,0.2,5.7,22.5,15.6,15,16.2,13.5,11.4,27.6,2023-02-19 10:05,4.4,4.3,68,-,2,28,40,159254,49,5906396,1980,6322,3,수유리 먹자골목
여유,46.3,53.7,0.3,5.1,18.2,15.8,14,19.2,14.4,13.1,22.7,2023-02-19 10:05,4.4,4.3,68,-,2,30,43,172706,60,5906396,1980,6322,3,쌍문동 맛집거리
여유,45.3,54.7,0.2,5.7,24.3,24.3,18.7,14.2,8,4.5,23.9,2023-02-19 10:05,4.4,4.3,79,-,2,37,51,300428,106,5906396,1980,6322,3,압구정로데오거리
여유,47.5,52.5,0.4,5.6,12.8,18.2,18.6,16.9,14.4,13.1,18.6,2023-02-19 10:05,4.4,4.9,76,-,2,37,49,238321,60,5906396,1980,6322,3,여의도
여유,50.7,49.3,0.1,4.4,26.9,22,13.5,15.1,12.4,5.6,16.6,2023-02-19 10:05,4.4,4.9,76,-,2,37,49,238321,60,5906396,1980,6322,3,영등포 타임스퀘어
여유,52.2,47.8,0.4,5.8,26,19.7,16.2,13.8,10.2,7.9,15,2023-02-19 10:05,4.3,3.7,78,-,2,43,55,78986,30,5906396,1980,6322,3,인사동·익선동
보통,43.2,56.8,0.5,13.6,15.1,16.7,26.2,15.4,8.6,3.9,6.1,2023-02-19 10:05,4.4,4.3,79,-,2,35,41,121588,23,5906396,1980,6322,3,국립중앙박물관·용산가족공원
여유,48.6,51.4,0.6,5,19,20.6,18.1,18,12.1,6.6,16.6,2023-02-19 10:05,4.3,3.7,78,-,2,0,0,121588,23,5906396,1980,6322,3,남산공원
여유,48.7,51.3,0.8,5.2,13.7,19.1,19.3,18.5,15,8.3,17,2023-02-19 10:05,4.4,4.3,79,-,2,45,53,203813,68,5906396,1980,6322,3,뚝섬한강공원
보통,49.2,50.8,0.8,6.5,12.7,20.1,20.7,18.9,11.5,8.8,13.9,2023-02-19 10:05,4.4,4.9,76,-,2,35,38,219515,69,5906396,1980,6322,3,망원한강공원
여유,50.9,49.1,0.7,5.4,11.6,19.2,22.3,19.9,15.1,5.8,2.8,2023-02-19 10:05,5,5.2,86,-,2,43,51,232255,72,5906396,1980,6322,3,반포한강공원
여유,46.8,53.2,0.4,5.6,12.2,17.2,20,18.8,14.8,11.1,30.7,2023-02-19 10:05,4.4,4.3,68,-,2,28,40,159254,49,5906396,1980,6322,3,북서울꿈의숲
여유,51.7,48.3,1.4,16.1,12.6,16.7,19.7,14.3,12.3,6.9,13.1,2023-02-19 10:05,4.4,5.2,81,-,2,43,51,159254,49,5906396,1980,6322,3,서울대공원
여유,50.4,49.6,0.8,6.2,14.6,20,19.6,18.6,13.3,6.8,11,2023-02-19 10:05,4.4,4.3,79,-,2,37,56,168426,63,5906396,1980,6322,3,서울숲공원
보통,52.4,47.6,1.1,7.1,11.7,17.4,20.9,19.6,12.6,9.7,6.1,2023-02-19 10:05,4.7,4.5,74,-,2,35,38,219515,69,5906396,1980,6322,3,월드컵공원
여유,49.6,50.4,0.3,7.4,11.5,17.8,23.5,18.8,13.3,7.3,10,2023-02-19 10:05,4.4,4.9,76,-,2,35,41,121588,23,5906396,1980,6322,3,이촌한강공원
여유,55,45,1.1,7,12.5,15.1,28,21.6,10.9,3.9,5.2,2023-02-19 10:05,4.8,5.1,78,-,2,32,44,386243,126,5906396,1980,6322,3,잠실종합운동장
여유,51.3,48.7,0.9,10.7,12.6,13.7,26.2,16.6,13.1,6.2,9.4,2023-02-19 10:05,4.7,4.3,76,-,2,32,44,386243,126,5906396,1980,6322,3,잠실한강공원
여유,48.3,51.7,0.2,7.1,24,28.5,21.5,12,4.9,1.8,15,2023-02-19 10:10,4.4,5.2,81,-,2,37,51,300428,106,5906396,1980,6322,3,강남 MICE 관광특구
여유,48.5,51.5,0.3,4.6,19,20.3,18.3,17.8,11.3,8.3,13.3,2023-02-19 10:10,4.3,3.7,78,-,2,43,55,70984,17,5906396,1980,6322,3,동대문 관광특구
여유,47.1,52.9,0.7,5.6,21.8,22.7,19.8,16.2,8.6,4.5,16.7,2023-02-19 10:10,4.3,3.7,78,-,2,0,0,70984,17,5906396,1980,6322,3,명동 관광특구
여유,48.6,51.4,0.7,2.2,26.3,25.6,17.1,12.1,9.4,6.6,25.4,2023-02-19 10:10,4.4,4.3,79,-,2,35,41,121588,23,5906396,1980,6322,3,이태원 관광특구
여유,46,54,1.2,23.4,17.4,18.8,16.4,11.3,7.3,4.1,13.8,2023-02-19 10:10,4.7,4.3,76,-,2,32,44,386243,126,5906396,1980,6322,3,잠실 관광특구
여유,53.5,46.5,0.4,5.9,21.2,16.4,15.3,18.8,13.3,8.8,15.8,2023-02-19 10:10,4.3,3.7,78,-,2,43,55,78986,30,5906396,1980,6322,3,종로·청계 관광특구
여유,45.1,54.9,0.3,9.3,30.9,20.7,14.5,11.8,7,5.4,17.5,2023-02-19 10:10,4.4,4.9,76,-,2,35,38,219515,69,5906396,1980,6322,3,홍대 관광특구
여유,46.4,53.6,1,8.6,13.7,16.2,19.7,18.4,13.1,9.2,22.6,2023-02-19 10:10,4.3,3.7,78,-,2,43,55,78986,30,5906396,1980,6322,3,경복궁·서촌마을
여유,47.7,52.3,0.9,7.5,15,18.4,23.6,16.9,9.9,7.9,11.8,2023-02-19 10:10,4.3,3.7,78,-,2,43,55,78986,30,5906396,1980,6322,3,광화문·덕수궁
여유,48.7,51.3,0.3,5.8,21.8,17.8,17.6,17.8,10.5,8.4,17.6,2023-02-19 10:10,4.3,3.7,78,-,2,43,55,78986,30,5906396,1980,6322,3,창덕궁·종묘
여유,55.9,44.1,0.3,3.9,19.1,20.3,19.6,18.1,12.8,6,16.9,2023-02-19 10:10,4.1,5.3,76,-,2,41,58,133944,43,5906396,1980,6322,3,가산디지털단지역
여유,49.9,50.1,0.3,7.1,28.6,25,16.9,10.9,6.9,4.4,14.4,2023-02-19 10:10,4.4,5.2,81,-,2,43,51,300428,106,5906396,1980,6322,3,강남역
여유,48.3,51.7,0.2,5.4,31,19.5,13.6,13.1,10,7.4,19.6,2023-02-19 10:10,4.4,4.3,79,-,2,45,53,203813,68,5906396,1980,6322,3,건대입구역
여유,44.4,55.6,0.3,7.5,23,17.2,19.1,17.1,10.5,5.3,15.7,2023-02-19 10:10,5,5.2,86,-,2,43,51,232255,72,5906396,1980,6322,3,고속터미널역
여유,47.4,52.6,0.2,10.6,17.2,19.7,20.8,15.8,10.4,5.3,13.3,2023-02-19 10:10,4.4,5.2,81,-,2,43,51,232255,72,5906396,1980,6322,3,교대역
여유,55,45,0.3,2.7,20.7,24.2,19.2,16.4,10.1,6.4,21.2,2023-02-19 10:10,4.1,5.3,76,-,2,41,58,236569,67,5906396,1980,6322,3,구로디지털단지역
여유,53.5,46.5,0.3,7.2,18.1,21.7,20.3,18,10.2,4.1,13.9,2023-02-19 10:10,4.3,3.7,78,-,2,0,0,70984,17,5906396,1980,6322,3,서울역
여유,50.2,49.8,0.4,9.4,18.4,22.5,20.5,15.3,8.8,4.6,19.1,2023-02-19 10:10,4.4,5.2,81,-,2,37,51,300428,106,5906396,1980,6322,3,선릉역
여유,43.7,56.3,0.1,6.3,18.6,18.8,17.9,16.8,12.8,8.7,14.5,2023-02-19 10:10,2.6,2.2,73,-,2,37,49,236569,67,5906396,1980,6322,3,신도림역
여유,52.4,47.6,0.1,4.5,35,23,13.7,11.3,7.3,5.2,15.9,2023-02-19 10:10,2.6,2.2,73,-,2,34,54,292521,110,5906396,1980,6322,3,신림역
여유,45,55,0.1,7,47.5,17.2,8.9,9.5,5.7,4.1,17.4,2023-02-19 10:10,4.4,4.9,76,-,2,33,47,219515,69,5906396,1980,6322,3,신촌·이대역
여유,52.8,47.2,0.2,4.7,26.6,24.7,19.2,12.7,7,4.9,18.7,2023-02-19 10:10,4.4,5.2,81,-,2,37,51,300428,106,5906396,1980,6322,3,역삼역
여유,47.3,52.7,0.2,5.2,18.3,18.2,14.2,17.2,15.5,11.2,14.8,2023-02-19 10:10,3.9,4.6,76,-,2,34,44,267491,86,5906396,1980,6322,3,연신내역
여유,46.1,53.9,0.6,6.2,23.7,23.5,17.7,13.8,9.4,5.1,13.8,2023-02-19 10:10,4.4,4.3,79,-,2,35,41,121588,23,5906396,1980,6322,3,용산역
여유,46.6,53.4,0.3,5.3,30.5,17.5,15.1,12.8,10.1,8.4,16.5,2023-02-19 10:10,4.4,4.3,79,-,2,37,56,168426,63,5906396,1980,6322,3,왕십리역
여유,49.4,50.6,0.5,7.1,20,21.9,20.5,15.2,10,4.7,21.9,2023-02-19 10:10,4.7,4.5,74,-,2,35,38,219515,69,5906396,1980,6322,3,DMC(디지털미디어시티)
여유,47.6,52.4,0.4,6.8,16.3,15.5,16.1,19.4,15.3,10.1,24.3,2023-02-19 10:10,4.9,4.4,70,-,2,30,43,299133,105,5906396,1980,6322,3,창동 신경제 중심지
여유,53,47,0.3,4,32.3,19.7,13.2,12.7,10,7.7,17.1,2023-02-19 10:10,2.6,2.2,73,-,2,45,52,232386,67,5906396,1980,6322,3,노량진
여유,50.8,49.2,0.4,4.1,17.7,18,18.3,18.4,12.7,10.4,35.5,2023-02-19 10:10,4.3,3.7,78,-,2,38,52,78986,30,5906396,1980,6322,3,낙산공원·이화마을
여유,43.9,56.1,0,5,13.8,18.9,17.9,19.1,13.6,11.7,35.9,2023-02-19 10:10,4.3,3.7,78,-,2,43,55,78986,30,5906396,1980,6322,3,북촌한옥마을
여유,47.8,52.2,0.3,5.5,20.1,21.3,19.2,13.8,11,8.7,19,2023-02-19 10:10,4.4,4.3,79,-,2,37,51,300428,106,5906396,1980,6322,3,가로수길
여유,55.4,44.6,0.1,5,22.9,23,16.9,14.6,10.6,6.9,19.9,2023-02-19 10:10,4.4,4.3,79,-,2,37,56,168426,63,5906396,1980,6322,3,성수카페거리
여유,49,51,0.2,5.4,20.4,16.4,15.5,16.4,14,11.7,28.7,2023-02-19 10:10,4.4,4.3,68,-,2,28,40,159254,49,5906396,1980,6322,3,수유리 먹자골목
여유,46.6,53.4,0.2,5.1,16.4,17.3,14.7,18.2,15,13.1,24.7,2023-02-19 10:10,4.4,4.3,68,-,2,30,43,172706,60,5906396,1980,6322,3,쌍문동 맛집거리
여유,44.8,55.2,0.3,5.1,25.3,24.1,18.5,13.6,8.3,5,23.1,2023-02-19 10:10,4.4,4.3,79,-,2,37,51,300428,106,5906396,1980,6322,3,압구정로데오거리
여유,47.9,52.1,0.4,5.5,12.9,17.4,18.5,16.6,15.4,13.4,17.5,2023-02-19 10:10,4.4,4.9,76,-,2,37,49,238321,60,5906396,1980,6322,3,여의도
여유,50.3,49.7,0.3,4.3,26.2,22.3,13.6,15.4,12.3,5.7,16.7,2023-02-19 10:10,4.4,4.9,76,-,2,37,49,238321,60,5906396,1980,6322,3,영등포 타임스퀘어
여유,51.8,48.2,0.6,5.5,25.2,18.9,16.6,14.7,10.4,8,15.5,2023-02-19 10:10,4.3,3.7,78,-,2,43,55,78986,30,5906396,1980,6322,3,인사동·익선동
보통,43.7,56.3,0.8,12.3,15.2,18.9,27.8,13.6,7.3,4,4.8,2023-02-19 10:10,4.4,4.3,79,-,2,35,41,121588,23,5906396,1980,6322,3,국립중앙박물관·용산가족공원
여유,49.1,50.9,0.4,5.6,18.5,20.2,18.4,17.7,12.2,7,16.7,2023-02-19 10:10,4.3,3.7,78,-,2,0,0,121588,23,5906396,1980,6322,3,남산공원
여유,49.8,50.2,0.7,5.7,12.7,18.8,21.1,18,14.2,8.7,15.7,2023-02-19 10:10,4.4,4.3,79,-,2,45,53,203813,68,5906396,1980,6322,3,뚝섬한강공원
보통,52.3,47.7,0.7,6.1,13.9,20.6,22.8,16.4,11.6,8,13.8,2023-02-19 10:10,4.4,4.9,76,-,2,35,38,219515,69,5906396,1980,6322,3,망원한강공원
여유,53.6,46.4,0.7,7.8,12.8,21.8,20.8,17.7,13.1,5.4,2.1,2023-02-19 10:10,5,5.2,86,-,2,43,51,232255,72,5906396,1980,6322,3,반포한강공원
여유,45.9,54.1,0.5,5.6,11.8,17,18.5,19.2,14.8,12.5,31.9,2023-02-19 10:10,4.4,4.3,68,-,2,28,40,159254,49,5906396,1980,6322,3,북서울꿈의숲
여유,51.3,48.7,1.7,15,11.4,18.3,18.8,14.8,11.6,8.4,12.7,2023-02-19 10:10,4.4,5.2,81,-,2,43,51,159254,49,5906396,1980,6322,3,서울대공원
여유,49.5,50.5,0.5,6.1,13.3,20.8,19.8,18.2,14.2,7.1,10.6,2023-02-19 10:10,4.4,4.3,79,-,2,37,56,168426,63,5906396,1980,6322,3,서울숲공원
보통,50.8,49.2,0.7,5.9,11.8,17.6,22.1,18.4,11.7,12,6,2023-02-19 10:10,4.7,4.5,74,-,2,35,38,219515,69,5906396,1980,6322,3,월드컵공원
여유,48.5,51.5,0.3,6.6,12.4,18.2,22.2,19.2,14,7.1,9.2,2023-02-19 10:10,4.4,4.9,76,-,2,35,41,121588,23,5906396,1980,6322,3,이촌한강공원
여유,57,43,0.5,5.8,11.1,16.7,26.5,23.5,11.2,4.7,5.2,2023-02-19 10:10,4.8,5.1,78,-,2,32,44,386243,126,5906396,1980,6322,3,잠실종합운동장
여유,50.7,49.3,1.1,8.9,11.8,15.3,24.7,18.2,13.5,6.4,8.7,2023-02-19 10:10,4.7,4.3,76,-,2,32,44,386243,126,5906396,1980,6322,3,잠실한강공원
여유,47.3,52.7,0.3,6.4,23.8,29.7,20.8,11.9,5.3,1.7,13.8,2023-02-19 10:20,4.5,4.6,77,-,2,37,51,300428,106,5906396,1980,6322,3,강남 MICE 관광특구
여유,48.8,51.2,0.3,4,20.3,20.6,18.4,17.6,11.4,7.5,13.9,2023-02-19 10:20,4.2,3.3,76,-,2,43,55,70984,17,5906396,1980,6322,3,동대문 관광특구
여유,48.3,51.7,0.4,4.8,22.1,24,19.3,16.2,8.8,4.4,15.8,2023-02-19 10:20,4.2,3.3,76,-,2,0,0,70984,17,5906396,1980,6322,3,명동 관광특구
여유,49.5,50.5,0.7,3.4,24.7,26,16.8,12.8,8.7,6.8,23.7,2023-02-19 10:20,4.4,4,71,-,2,35,41,121588,23,5906396,1980,6322,3,이태원 관광특구
여유,44.8,55.2,1.3,22.3,16.6,19.6,16.8,11.4,7.7,4.3,13.6,2023-02-19 10:20,4.7,4.6,74,-,2,32,44,386243,126,5906396,1980,6322,3,잠실 관광특구
여유,52.4,47.6,0.3,5.6,21.1,16.6,16.2,18.1,13.2,8.8,14.6,2023-02-19 10:20,4.2,3.3,76,-,2,43,55,78986,30,5906396,1980,6322,3,종로·청계 관광특구
여유,44.4,55.6,0.3,9.1,30.2,21.3,14.2,12.3,7.3,5.3,17.1,2023-02-19 10:20,4.3,5,75,-,2,35,38,219515,69,5906396,1980,6322,3,홍대 관광특구
여유,46.5,53.5,0.8,9.5,14.6,17.1,19.6,17,12.3,9.1,20.7,2023-02-19 10:25,4.2,3.3,76,-,2,43,55,78986,30,5906396,1980,6322,3,경복궁·서촌마을
여유,46,54,0.7,6.7,15.8,17.8,21.8,17.3,11.1,8.8,11.5,2023-02-19 10:25,4.2,3.3,76,-,2,43,55,78986,30,5906396,1980,6322,3,광화문·덕수궁
여유,50.6,49.4,0.2,5.6,20.8,17.8,17.5,17.9,11.7,8.4,18.1,2023-02-19 10:25,4.2,3.8,74,-,2,43,55,78986,30,5906396,1980,6322,3,창덕궁·종묘
여유,55.1,44.9,0.5,3.5,19.6,20.6,18.6,18.5,12.4,6.3,16.9,2023-02-19 10:25,4.4,5.2,68,-,2,41,58,133944,43,5906396,1980,6322,3,가산디지털단지역
여유,49.3,50.7,0.1,7.4,27.8,24.4,16.9,11.7,7.2,4.4,14.3,2023-02-19 10:25,4.6,5,72,-,2,43,51,300428,106,5906396,1980,6322,3,강남역
여유,48.2,51.8,0.2,5.3,31.5,18.9,14.1,12.2,10,7.8,19,2023-02-19 10:25,4.8,5.4,70,-,2,45,53,203813,68,5906396,1980,6322,3,건대입구역
여유,44,56,0.2,7.7,22.3,18.2,17.9,17.3,10.6,5.8,15.4,2023-02-19 10:25,4.9,5,81,-,2,43,51,232255,72,5906396,1980,6322,3,고속터미널역
여유,49.1,50.9,0.3,8.8,17.7,20.9,20.7,15.7,9.5,6.5,14,2023-02-19 10:25,4.6,5,72,-,2,43,51,232255,72,5906396,1980,6322,3,교대역
여유,54.6,45.4,0.5,2.6,20.2,24.5,19,15.8,10.8,6.5,21.2,2023-02-19 10:25,4.4,5.2,68,-,2,41,58,236569,67,5906396,1980,6322,3,구로디지털단지역
여유,52,48,0.7,5.8,18,20.6,19.5,18.1,11.3,5.9,13,2023-02-19 10:25,4.2,3.8,74,-,2,0,0,70984,17,5906396,1980,6322,3,서울역
여유,49,51,0.4,7.8,18.4,23.8,20.7,14.7,8.8,5.3,18.4,2023-02-19 10:25,4.6,5,72,-,2,37,51,300428,106,5906396,1980,6322,3,선릉역
여유,45.1,54.9,0.3,5.2,18.7,21.1,16.6,15.1,14.2,8.8,13.7,2023-02-19 10:25,2.7,3.3,69,-,2,37,49,236569,67,5906396,1980,6322,3,신도림역
여유,51.8,48.2,0.1,4.8,35.1,23,13.1,11.4,7.9,4.7,15.2,2023-02-19 10:25,2.7,3.3,69,-,2,34,54,292521,110,5906396,1980,6322,3,신림역
여유,44.3,55.7,0.1,6.8,46.9,16.7,10.1,8.6,6.2,4.6,16.2,2023-02-19 10:25,4.3,4.4,74,-,2,33,47,219515,69,5906396,1980,6322,3,신촌·이대역
여유,51.9,48.1,0.2,4.9,26.5,24.8,18.2,13.4,6.5,5.4,17.9,2023-02-19 10:25,4.6,5,72,-,2,37,51,300428,106,5906396,1980,6322,3,역삼역
여유,46.5,53.5,0.3,5.5,18.6,17.2,14.6,17.4,14.3,11.9,13.8,2023-02-19 10:25,3.9,4,68,-,2,34,44,267491,86,5906396,1980,6322,3,연신내역
여유,46.9,53.1,0.8,5.9,22.1,23.5,19.5,13.9,8.5,5.7,13.4,2023-02-19 10:25,4.8,5.4,70,-,2,35,41,121588,23,5906396,1980,6322,3,용산역
여유,47.1,52.9,0.4,6.3,30.3,16.8,14.3,13.2,10.1,8.6,15.7,2023-02-19 10:25,4.8,5.4,70,-,2,37,56,168426,63,5906396,1980,6322,3,왕십리역
여유,48.2,51.8,0.6,5.7,20.4,22.6,19.4,15.4,10.6,5.2,20.8,2023-02-19 10:25,5.7,5.6,67,-,2,35,38,219515,69,5906396,1980,6322,3,DMC(디지털미디어시티)
여유,47.4,52.6,0.5,6.9,16.5,15.6,16.5,19.2,15,9.9,24.6,2023-02-19 10:25,5.3,4.9,67,-,2,30,43,299133,105,5906396,1980,6322,3,창동 신경제 중심지
여유,53.7,46.3,0.2,4.4,32.2,18.7,13,14,9.9,7.5,17.5,2023-02-19 10:25,2.7,3.3,69,-,2,45,52,232386,67,5906396,1980,6322,3,노량진
여유,51.9,48.1,0.4,4.4,15.4,19.4,18.7,18,11.5,12.2,34.6,2023-02-19 10:25,4.2,3.8,74,-,2,38,52,78986,30,5906396,1980,6322,3,낙산공원·이화마을
여유,46.2,53.8,0,5.9,14,18.7,16.8,17.3,15.1,12.2,33.6,2023-02-19 10:25,4.2,3.8,74,-,2,43,55,78986,30,5906396,1980,6322,3,북촌한옥마을
여유,46.3,53.7,0.4,5.3,19.2,21.3,19.4,14.9,10.5,9,18.4,2023-02-19 10:25,4.8,5.4,70,-,2,37,51,300428,106,5906396,1980,6322,3,가로수길
여유,51.9,48.1,0.1,6.1,26.3,20.4,16.2,13.7,11,6.1,18.3,2023-02-19 10:25,4.8,5.4,70,-,2,37,56,168426,63,5906396,1980,6322,3,성수카페거리
여유,49,51,0.5,5.5,21.3,16,15.3,16.9,13.6,11,27.3,2023-02-19 10:25,4.3,4.3,65,-,2,28,40,159254,49,5906396,1980,6322,3,수유리 먹자골목
여유,46.6,53.4,0.2,5.7,15.9,17,14.4,18.8,14.5,13.4,22.1,2023-02-19 10:25,4.3,4.3,65,-,2,30,43,172706,60,5906396,1980,6322,3,쌍문동 맛집거리
여유,45.8,54.2,0.2,5.1,25.1,25.4,17.5,13.6,8.1,4.9,22.6,2023-02-19 10:25,4.8,5.4,70,-,2,37,51,300428,106,5906396,1980,6322,3,압구정로데오거리
여유,48.6,51.4,0.4,5.7,12.9,18.5,19.5,16.6,14.4,12,17.7,2023-02-19 10:25,4.3,4.4,74,-,2,37,49,238321,60,5906396,1980,6322,3,여의도
여유,51.2,48.8,0.2,5.1,25.6,22.2,13.2,17,12,4.8,16.4,2023-02-19 10:25,4.3,4.4,74,-,2,37,49,238321,60,5906396,1980,6322,3,영등포 타임스퀘어
여유,52.8,47.2,0.6,5.3,24.6,18.3,17.4,14.5,10.8,8.4,15.1,2023-02-19 10:25,4.2,3.8,74,-,2,43,55,78986,30,5906396,1980,6322,3,인사동·익선동
보통,43.5,56.5,1.5,10.7,12.4,17.4,29.9,16.5,7.6,3.9,4.4,2023-02-19 10:25,4.8,5.4,70,-,2,35,41,121588,23,5906396,1980,6322,3,국립중앙박물관·용산가족공원
여유,50.4,49.6,0.5,4,18,20.1,18.7,19,13,6.8,14.9,2023-02-19 10:25,4.2,3.8,74,-,2,0,0,121588,23,5906396,1980,6322,3,남산공원
여유,50.7,49.3,0.8,4.7,13.2,20.7,18.1,19,14.7,8.8,15.8,2023-02-19 10:25,4.8,5.4,70,-,2,45,53,203813,68,5906396,1980,6322,3,뚝섬한강공원
여유,50.3,49.7,0.6,5.7,13.6,22.8,19,17.2,12.7,8.4,13.8,2023-02-19 10:25,4.3,4.4,74,-,2,35,38,219515,69,5906396,1980,6322,3,망원한강공원
여유,52.7,47.3,0.7,3.6,9.9,21.4,28.7,18.3,11.6,5.9,2.6,2023-02-19 10:25,4.9,5,81,-,2,43,51,232255,72,5906396,1980,6322,3,반포한강공원
여유,47.4,52.6,0.4,5.6,12.5,18.1,17.6,18.9,15.1,11.9,31.7,2023-02-19 10:25,4.3,4.3,65,-,2,28,40,159254,49,5906396,1980,6322,3,북서울꿈의숲
여유,51.5,48.5,2,16.9,10.3,17.8,17.3,14.4,11.4,9.8,11.7,2023-02-19 10:25,4.6,5,72,-,2,43,51,159254,49,5906396,1980,6322,3,서울대공원
여유,48.7,51.3,0.8,6.1,13.9,22.5,18.2,18.7,13.6,6.4,10.9,2023-02-19 10:25,4.8,5.4,70,-,2,37,56,168426,63,5906396,1980,6322,3,서울숲공원
약간 붐빔,51.4,48.6,0.9,7.6,10.8,17.4,23.2,17.1,13.2,9.9,5.4,2023-02-19 10:25,5.7,5.6,67,-,2,35,38,219515,69,5906396,1980,6322,3,월드컵공원
여유,48.3,51.7,0.5,7.2,10,20,21,20.5,14.4,6.5,9.5,2023-02-19 10:25,4.3,4.4,74,-,2,35,41,121588,23,5906396,1980,6322,3,이촌한강공원
여유,55.5,44.5,0.7,5.9,9.5,18.2,28.5,22.1,10.1,5.1,5.3,2023-02-19 10:25,5.2,5.4,70,-,2,32,44,386243,126,5906396,1980,6322,3,잠실종합운동장
여유,50.3,49.7,0.9,8,10.6,18.1,27.3,17.8,11.4,5.9,8.2,2023-02-19 10:25,4.8,5,69,-,2,32,44,386243,126,5906396,1980,6322,3,잠실한강공원
여유,46.1,53.9,0.2,7.8,24.1,28.6,21,11.2,5.4,1.8,13.1,2023-02-19 10:30,4.6,5,72,-,2,37,51,300428,106,5906396,1980,6322,3,강남 MICE 관광특구
여유,49.4,50.6,0.3,4.1,19.5,21.4,17.8,17.9,11.8,7.3,14.4,2023-02-19 10:30,4.2,3.8,74,-,2,43,55,70984,17,5906396,1980,6322,3,동대문 관광특구
여유,47.1,52.9,0.5,4.9,21.4,23.8,19.9,15.3,9,5.2,16.4,2023-02-19 10:30,4.2,3.8,74,-,2,0,0,70984,17,5906396,1980,6322,3,명동 관광특구
여유,49.5,50.5,0.6,2.3,26.3,27.5,15.7,11.3,9,7.2,24.2,2023-02-19 10:30,4.8,5.4,70,-,2,35,41,121588,23,5906396,1980,6322,3,이태원 관광특구
여유,44.8,55.2,1,22.2,17.2,19.5,17,11.1,7.5,4.4,13,2023-02-19 10:30,4.8,5,69,-,2,32,44,386243,126,5906396,1980,6322,3,잠실 관광특구
여유,53.2,46.8,0.3,5.8,21.2,16,17.2,17.3,13.5,8.7,14.6,2023-02-19 10:30,4.2,3.8,74,-,2,43,55,78986,30,5906396,1980,6322,3,종로·청계 관광특구
여유,43.9,56.1,0.3,9.7,30.2,21.6,14.6,11.3,7.1,5.3,16.8,2023-02-19 10:30,4.3,4.4,74,-,2,35,38,219515,69,5906396,1980,6322,3,홍대 관광특구
여유,47,53,1,8.5,15.4,17.3,19.5,17.1,11.9,9.4,21.1,2023-02-19 10:30,4.2,3.8,74,-,2,43,55,78986,30,5906396,1980,6322,3,경복궁·서촌마을
여유,46.7,53.3,0.8,8.6,13.5,18.3,22.7,17,10.6,8.6,11.1,2023-02-19 10:30,4.2,3.8,74,-,2,43,55,78986,30,5906396,1980,6322,3,광화문·덕수궁
여유,50,50,0.4,6.1,21.4,16.8,18.6,17.4,11.3,8.1,17.1,2023-02-19 10:30,4.2,3.8,74,-,2,43,55,78986,30,5906396,1980,6322,3,창덕궁·종묘
여유,55.5,44.5,0.4,3.9,18.3,22,17.5,19.1,12.5,6.2,16.7,2023-02-19 10:30,4.4,5.2,68,-,2,41,58,133944,43,5906396,1980,6322,3,가산디지털단지역
여유,48.8,51.2,0.2,7.4,27.7,24.6,17.4,10.8,7,4.9,13.6,2023-02-19 10:30,4.6,5,72,-,2,43,51,300428,106,5906396,1980,6322,3,강남역
여유,46.9,53.1,0.2,5.1,30.8,20.2,14,12.8,9.7,7.4,18.4,2023-02-19 10:30,4.8,5.4,70,-,2,45,53,203813,68,5906396,1980,6322,3,건대입구역
여유,43.4,56.6,0.4,7.6,21.6,18.2,19.2,16.8,10.2,6,14.9,2023-02-19 10:30,4.9,5,81,-,2,43,51,232255,72,5906396,1980,6322,3,고속터미널역
여유,48.9,51.1,0.3,9.6,17.8,20.4,19.9,14.9,10.7,6.4,14.5,2023-02-19 10:30,4.6,5,72,-,2,43,51,232255,72,5906396,1980,6322,3,교대역
여유,55.1,44.9,0.3,2.8,20,23.8,19.2,17.3,11,5.6,20.8,2023-02-19 10:30,4.4,5.2,68,-,2,41,58,236569,67,5906396,1980,6322,3,구로디지털단지역
여유,51.2,48.8,0.4,6.6,19.3,20,19.4,17.9,10.2,6,13.4,2023-02-19 10:30,4.2,3.8,74,-,2,0,0,70984,17,5906396,1980,6322,3,서울역
여유,49.4,50.6,0.5,7.9,18,22.8,20.7,15.9,9.2,5,17.7,2023-02-19 10:30,4.6,5,72,-,2,37,51,300428,106,5906396,1980,6322,3,선릉역
여유,44.4,55.6,0.1,7.2,21.5,19.2,16.2,14.3,13.1,8.3,12.5,2023-02-19 10:30,2.7,3.3,69,-,2,37,49,236569,67,5906396,1980,6322,3,신도림역
여유,52.7,47.3,0.1,4.3,36,23.1,12.2,11.5,7.7,5.1,16.2,2023-02-19 10:30,2.7,3.3,69,-,2,34,54,292521,110,5906396,1980,6322,3,신림역
여유,44.5,55.5,0.1,6.8,46.5,17,9.7,8.8,6.2,4.8,16,2023-02-19 10:30,4.3,4.4,74,-,2,33,47,219515,69,5906396,1980,6322,3,신촌·이대역
여유,51.4,48.6,0.4,5,26.9,24.3,17.7,13.4,6.7,5.7,17.7,2023-02-19 10:30,4.6,5,72,-,2,37,51,300428,106,5906396,1980,6322,3,역삼역
여유,46.2,53.8,0.2,5.3,18.3,18.1,14.4,17.5,14.1,12.2,13.8,2023-02-19 10:30,3.9,4,68,-,2,34,44,267491,86,5906396,1980,6322,3,연신내역
여유,45.3,54.7,1,6.6,21.4,21.8,20.1,14.4,8.8,5.9,12.9,2023-02-19 10:30,4.8,5.4,70,-,2,35,41,121588,23,5906396,1980,6322,3,용산역
여유,47,53,0.3,6,29.7,18,15.2,12.5,10.1,8.2,15.2,2023-02-19 10:30,4.8,5.4,70,-,2,37,56,168426,63,5906396,1980,6322,3,왕십리역
여유,49.9,50.1,0.4,7.1,19.8,22.7,19.9,14.6,10.5,5,21.2,2023-02-19 10:30,5.7,5.6,67,-,2,35,38,219515,69,5906396,1980,6322,3,DMC(디지털미디어시티)
여유,46.5,53.5,0.5,7,17.5,15.2,15.4,18.4,15.5,10.5,21.8,2023-02-19 10:30,5.3,4.9,67,-,2,30,43,299133,105,5906396,1980,6322,3,창동 신경제 중심지
여유,54.4,45.6,0.2,4.3,32.7,19.4,13.8,13.2,9.4,7.1,18.2,2023-02-19 10:30,2.7,3.3,69,-,2,45,52,232386,67,5906396,1980,6322,3,노량진
여유,53.5,46.5,0.7,4.8,17.2,18.2,15.9,19.1,13.5,10.7,36.3,2023-02-19 10:30,4.2,3.8,74,-,2,38,52,78986,30,5906396,1980,6322,3,낙산공원·이화마을
여유,47.6,52.4,0,5.9,12.4,19.3,17.7,18.3,16,10.4,33.7,2023-02-19 10:30,4.2,3.8,74,-,2,43,55,78986,30,5906396,1980,6322,3,북촌한옥마을
여유,46.9,53.1,0.5,5.8,18.7,21.5,18.6,15.5,10.1,9.3,17.9,2023-02-19 10:30,4.8,5.4,70,-,2,37,51,300428,106,5906396,1980,6322,3,가로수길
여유,51.1,48.9,0,8.1,24.5,22.6,15.6,12.9,9.7,6.6,19.4,2023-02-19 10:30,4.8,5.4,70,-,2,37,56,168426,63,5906396,1980,6322,3,성수카페거리
여유,49,51,0.3,5.1,21,15.9,15.9,17.2,13.2,11.4,27.5,2023-02-19 10:30,4.3,4.3,65,-,2,28,40,159254,49,5906396,1980,6322,3,수유리 먹자골목
여유,45.5,54.5,0.3,4.6,17.9,17,14.2,17.4,14.8,13.7,21.5,2023-02-19 10:30,4.3,4.3,65,-,2,30,43,172706,60,5906396,1980,6322,3,쌍문동 맛집거리
여유,46,54,0.1,4.4,25.4,25.8,18.1,13.3,8.3,4.4,22.7,2023-02-19 10:30,4.8,5.4,70,-,2,37,51,300428,106,5906396,1980,6322,3,압구정로데오거리
여유,48.8,51.2,0.5,5.8,13,19.2,19.3,16.3,14.2,11.7,17.7,2023-02-19 10:30,4.3,4.4,74,-,2,37,49,238321,60,5906396,1980,6322,3,여의도
여유,49.8,50.2,0.2,4.4,24.6,21.5,12.1,17.6,13.5,6.1,15.2,2023-02-19 10:30,4.3,4.4,74,-,2,37,49,238321,60,5906396,1980,6322,3,영등포 타임스퀘어
여유,53,47,0.5,5.9,24.8,18.9,16.6,14.4,10.8,8.2,15.5,2023-02-19 10:30,4.2,3.8,74,-,2,43,55,78986,30,5906396,1980,6322,3,인사동·익선동
보통,41.8,58.2,1.3,11.5,12.9,17.7,26.9,16.3,8.5,4.8,4.7,2023-02-19 10:30,4.8,5.4,70,-,2,35,41,121588,23,5906396,1980,6322,3,국립중앙박물관·용산가족공원
여유,48.3,51.7,0.5,4.3,17.4,20.7,19,18.4,13,6.8,14.6,2023-02-19 10:30,4.2,3.8,74,-,2,0,0,121588,23,5906396,1980,6322,3,남산공원
여유,51.6,48.4,0.7,4.6,12.9,22.3,18.8,17.9,15.2,7.6,13.5,2023-02-19 10:30,4.8,5.4,70,-,2,45,53,203813,68,5906396,1980,6322,3,뚝섬한강공원
보통,51,49,0.3,7.5,13.3,21.4,20.6,17.1,12,7.7,12.8,2023-02-19 10:30,4.3,4.4,74,-,2,35,38,219515,69,5906396,1980,6322,3,망원한강공원
여유,52.6,47.4,0.4,5.6,12,21,25.1,20.5,9.6,5.8,2.4,2023-02-19 10:30,4.9,5,81,-,2,43,51,232255,72,5906396,1980,6322,3,반포한강공원
여유,46.4,53.6,0.4,5.8,11.2,18.2,17.7,19.2,15.1,12.4,31.4,2023-02-19 10:30,4.3,4.3,65,-,2,28,40,159254,49,5906396,1980,6322,3,북서울꿈의숲
여유,50,50,2,13.8,10.7,18.2,18.9,13.6,12,10.7,11.2,2023-02-19 10:30,4.6,5,72,-,2,43,51,159254,49,5906396,1980,6322,3,서울대공원
여유,48.5,51.5,0.6,6.9,15.4,21.5,18.4,17.9,12.8,6.6,10.1,2023-02-19 10:30,4.8,5.4,70,-,2,37,56,168426,63,5906396,1980,6322,3,서울숲공원
보통,48.7,51.3,1,7.8,10.5,18.3,22.3,17.5,13.9,8.8,5,2023-02-19 10:30,5.7,5.6,67,-,2,35,38,219515,69,5906396,1980,6322,3,월드컵공원
여유,49.2,50.8,0.7,6.4,10.1,20.8,21.7,20.6,12.8,6.8,8.6,2023-02-19 10:30,4.3,4.4,74,-,2,35,41,121588,23,5906396,1980,6322,3,이촌한강공원
여유,56.8,43.2,0.9,7.4,9,17.8,29.9,19.6,10,5.4,4.4,2023-02-19 10:30,5.2,5.4,70,-,2,32,44,386243,126,5906396,1980,6322,3,잠실종합운동장
여유,51.2,48.8,0.9,7,10.5,18.2,26.8,16.9,12.1,7.5,7.6,2023-02-19 10:30,4.8,5,69,-,2,32,44,386243,126,5906396,1980,6322,3,잠실한강공원
여유,46.4,53.6,0.3,7.4,24,29.8,20.7,11.1,4.9,1.8,12.5,2023-02-19 10:35,4.5,4.5,70,-,2,31,47,300428,106,5906396,1980,6322,3,강남 MICE 관광특구
여유,49.3,50.7,0.2,4.9,19.7,21.2,17.6,17.3,11.7,7.5,12.9,2023-02-19 10:35,4.2,3.2,69,-,2,35,45,70984,17,5906396,1980,6322,3,동대문 관광특구
여유,46.9,53.1,0.6,5.3,21.2,23.9,20.5,14.8,8.9,4.8,16.3,2023-02-19 10:35,4.2,3.2,69,-,2,0,0,70984,17,5906396,1980,6322,3,명동 관광특구
여유,47.7,52.3,0.6,2.6,26.7,26.1,16.4,12,8.8,6.6,23.8,2023-02-19 10:35,4.6,4.7,67,-,2,29,41,121588,23,5906396,1980,6322,3,이태원 관광특구
여유,44.5,55.5,1,21.8,17.2,20.2,17.2,11,7.3,4.3,13.1,2023-02-19 10:35,4.8,4.8,66,-,2,32,48,386243,126,5906396,1980,6322,3,잠실 관광특구
여유,53.7,46.3,0.3,6,20.4,16.3,17,17.6,13.4,9,15,2023-02-19 10:35,4.2,3.2,69,-,2,35,45,78986,30,5906396,1980,6322,3,종로·청계 관광특구
여유,43.3,56.7,0.3,9.3,29.7,22,14.9,11.5,6.9,5.4,16.7,2023-02-19 10:35,4.5,4.7,70,-,2,28,32,219515,69,5906396,1980,6322,3,홍대 관광특구
여유,47.2,52.8,1.2,8.9,14.9,17.7,19.1,17.9,12,8.2,20.7,2023-02-19 10:35,4.2,3.2,69,-,2,35,45,78986,30,5906396,1980,6322,3,경복궁·서촌마을
여유,46.9,53.1,0.8,7.8,14.2,18.5,22.1,17.6,10.8,8.2,10.5,2023-02-19 10:35,4.2,3.2,69,-,2,35,45,78986,30,5906396,1980,6322,3,광화문·덕수궁
여유,47.9,52.1,0.3,5.4,20.3,17.7,18.4,18.3,11.6,8,17.1,2023-02-19 10:35,4.2,3.2,69,-,2,35,45,78986,30,5906396,1980,6322,3,창덕궁·종묘
여유,53.8,46.2,0.2,3,19.2,21.3,17.5,19.7,12.5,6.6,15.2,2023-02-19 10:35,4.3,4.8,66,-,2,23,34,133944,43,5906396,1980,6322,3,가산디지털단지역
여유,48.7,51.3,0.2,7.3,28.3,24.6,17.3,10.7,7.3,4.3,14.3,2023-02-19 10:35,4.5,4.5,70,-,2,34,42,300428,106,5906396,1980,6322,3,강남역
여유,46.7,53.3,0.2,5.8,31.8,19.5,13.5,12.6,9.7,7,19.1,2023-02-19 10:35,4.6,4.7,67,-,2,38,47,203813,68,5906396,1980,6322,3,건대입구역
여유,42.8,57.2,0.4,7.5,21.1,18.6,19.1,16.4,10.8,6.1,14.3,2023-02-19 10:35,5,4.9,80,-,2,34,42,232255,72,5906396,1980,6322,3,고속터미널역
여유,49.7,50.3,0.3,9.8,19.2,20.4,19.5,15.1,10.4,5.3,13.8,2023-02-19 10:35,4.5,4.5,70,-,2,34,42,232255,72,5906396,1980,6322,3,교대역
여유,54.5,45.5,0.3,2.5,19.5,24.4,19.9,16.1,10.7,6.6,20.5,2023-02-19 10:35,4.3,4.8,66,-,2,23,34,236569,67,5906396,1980,6322,3,구로디지털단지역
여유,50,50,0.4,5.1,18.7,23.5,19.2,17.2,10.3,5.8,13.2,2023-02-19 10:35,4.2,3.2,69,-,2,0,0,70984,17,5906396,1980,6322,3,서울역
여유,50.4,49.6,0.4,8.4,18.9,22.4,20,15.2,9.6,5,18.1,2023-02-19 10:35,4.5,4.5,70,-,2,31,47,300428,106,5906396,1980,6322,3,선릉역
여유,39.9,60.1,0.2,7.7,22.8,21.1,14.7,13.1,12.6,7.7,15.5,2023-02-19 10:40,3.1,3.1,64,-,2,26,39,236569,67,5906396,1980,6322,3,신도림역
여유,52.8,47.2,0.1,4.1,35,22,13.2,11.8,8.5,5.3,15.2,2023-02-19 10:40,3.1,3.1,64,-,2,28,48,292521,110,5906396,1980,6322,3,신림역
여유,44.4,55.6,0.1,7.2,46,17.2,9.6,9.1,5.9,5.1,16.8,2023-02-19 10:40,4.5,4.7,70,-,2,32,44,219515,69,5906396,1980,6322,3,신촌·이대역
여유,52.4,47.6,0.2,4.6,27.2,23.8,18.1,12.7,8.4,5.1,18.2,2023-02-19 10:40,4.5,4.5,70,-,2,31,47,300428,106,5906396,1980,6322,3,역삼역
여유,46.5,53.5,0.4,4.9,19.8,17.5,13.9,16.3,14.9,12.3,13.4,2023-02-19 10:40,3.9,3.7,65,-,2,35,40,267491,86,5906396,1980,6322,3,연신내역
여유,44.5,55.5,0.8,7.3,22.5,24.1,17.7,14,8.3,5.4,11.2,2023-02-19 10:40,4.6,4.7,67,-,2,29,41,121588,23,5906396,1980,6322,3,용산역
여유,47.9,52.1,0.3,6.4,30.5,17.6,14.8,12.3,9.6,8.5,15.4,2023-02-19 10:40,4.6,4.7,67,-,2,32,50,168426,63,5906396,1980,6322,3,왕십리역
여유,48.5,51.5,0.4,7.5,20.6,22,19.7,14.1,11.1,4.7,21,2023-02-19 10:40,5.3,4.9,64,-,2,28,32,219515,69,5906396,1980,6322,3,DMC(디지털미디어시티)
여유,46.4,53.6,0.5,7.7,15.8,15.6,16,18.8,15.3,10.4,22.4,2023-02-19 10:40,5.4,5.2,64,-,2,32,36,299133,105,5906396,1980,6322,3,창동 신경제 중심지
여유,52.9,47.1,0.4,5.2,32,20.5,13.2,12.2,9,7.5,17.3,2023-02-19 10:40,3.1,3.1,64,-,2,38,48,232386,67,5906396,1980,6322,3,노량진
여유,51,49,0.6,5.1,16.7,17.6,16.8,18.8,12.7,11.7,35.2,2023-02-19 10:40,4.2,3.2,69,-,2,33,49,78986,30,5906396,1980,6322,3,낙산공원·이화마을
여유,44.1,55.9,0.4,5.8,13.5,19.3,16.8,17.5,15.8,11,31.9,2023-02-19 10:40,4.2,3.2,69,-,2,35,45,78986,30,5906396,1980,6322,3,북촌한옥마을
여유,46.6,53.4,0.5,6,19.1,21.1,19.4,13.9,10.9,9,17.4,2023-02-19 10:40,4.6,4.7,67,-,2,31,47,300428,106,5906396,1980,6322,3,가로수길
여유,52.2,47.8,0.1,5.7,27.8,23.7,14,13.4,10,5.2,18.3,2023-02-19 10:40,4.6,4.7,67,-,2,32,50,168426,63,5906396,1980,6322,3,성수카페거리
여유,47.7,52.3,0.4,4.7,20.7,15.9,16.1,16.9,13.7,11.4,26.9,2023-02-19 10:40,4.1,4,65,-,2,30,41,159254,49,5906396,1980,6322,3,수유리 먹자골목
여유,45.2,54.8,0.4,6.5,17.3,16.2,15,17.5,15.2,11.9,23.1,2023-02-19 10:40,4.1,4,65,-,2,32,36,172706,60,5906396,1980,6322,3,쌍문동 맛집거리
여유,44.3,55.7,0.3,4.9,25.2,24.4,17.9,13.4,8.7,5.1,22.3,2023-02-19 10:40,4.6,4.7,67,-,2,31,47,300428,106,5906396,1980,6322,3,압구정로데오거리
여유,48.3,51.7,0.6,6.2,13.5,19.6,19.3,16,13.6,11.2,17.1,2023-02-19 10:40,4.5,4.7,70,-,2,26,39,238321,60,5906396,1980,6322,3,여의도
여유,49.7,50.3,0.2,4.4,23.9,23.6,14.2,16.9,11.9,4.9,15.9,2023-02-19 10:40,4.5,4.7,70,-,2,26,39,238321,60,5906396,1980,6322,3,영등포 타임스퀘어
여유,52.5,47.5,0.8,5.4,25,19.7,16.1,13.9,10.5,8.6,15,2023-02-19 10:40,4.2,3.2,69,-,2,35,45,78986,30,5906396,1980,6322,3,인사동·익선동
보통,44.6,55.4,1.4,10,13,17.6,26.5,16.1,10.4,4.9,6.2,2023-02-19 10:40,4.6,4.7,67,-,2,29,41,121588,23,5906396,1980,6322,3,국립중앙박물관·용산가족공원
여유,48.6,51.4,0.6,5.5,16.7,21.6,17.9,18.3,12.8,6.6,14.3,2023-02-19 10:40,4.2,3.2,69,-,2,0,0,121588,23,5906396,1980,6322,3,남산공원
여유,48.5,51.5,0.8,6.2,13.1,22,18.4,17.7,13.7,8.1,14.1,2023-02-19 10:40,4.6,4.7,67,-,2,38,47,203813,68,5906396,1980,6322,3,뚝섬한강공원
여유,49.8,50.2,0.9,6.2,13.2,21.4,21.2,17.7,12.1,7.2,13.6,2023-02-19 10:40,4.5,4.7,70,-,2,28,32,219515,69,5906396,1980,6322,3,망원한강공원
여유,53.7,46.3,0.1,5.5,11.6,18.9,25.6,20.2,13.1,5,2.2,2023-02-19 10:40,5,4.9,80,-,2,34,42,232255,72,5906396,1980,6322,3,반포한강공원
여유,48.6,51.4,0.7,5.4,11.4,17,19.1,19.6,15.2,11.6,30.7,2023-02-19 10:40,4.1,4,65,-,2,30,41,159254,49,5906396,1980,6322,3,북서울꿈의숲
여유,51.1,48.9,2.1,14.6,10.3,17.1,20.3,13.7,11.7,10.2,10.2,2023-02-19 10:40,4.5,4.5,70,-,2,34,42,159254,49,5906396,1980,6322,3,서울대공원
여유,48.3,51.7,1,7.7,14.6,21.4,17.3,18.9,13.5,5.7,9.7,2023-02-19 10:40,4.6,4.7,67,-,2,32,50,168426,63,5906396,1980,6322,3,서울숲공원
약간 붐빔,50.5,49.5,1.2,7.8,10.1,18.8,22.4,18.4,12.1,9.1,5.2,2023-02-19 10:40,5.3,4.9,64,-,2,28,32,219515,69,5906396,1980,6322,3,월드컵공원
여유,49.9,50.1,0.8,7.9,12.2,19.5,21.4,16.9,13.3,8.1,7.7,2023-02-19 10:40,4.5,4.7,70,-,2,29,41,121588,23,5906396,1980,6322,3,이촌한강공원
여유,57,43,0.7,7.5,8.2,22,26,22.5,8.3,4.8,4.9,2023-02-19 10:40,5.1,5.1,70,-,2,32,48,386243,126,5906396,1980,6322,3,잠실종합운동장
보통,51.6,48.4,0.9,8.5,10.8,19.8,25.8,18,11,5.2,7,2023-02-19 10:40,4.8,4.8,66,-,2,32,48,386243,126,5906396,1980,6322,3,잠실한강공원
